id,rowid,choice,Name,Price,Color
1,1,1,Top Cleaner,1000,Blue
1,2,0,Top Cleaner,1000,Blue
2,1,1,CleanR,800,Blue
2,2,0,CleanR,800,Blue
3,1,0,Top Cleaner,1000,Red
3,2,1,Top Cleaner,800,Red
4,1,0,CleanR,800,Blue
4,2,1,CleanR,800,Red
5,1,1,CleanR,800,Red
5,2,0,Top Cleaner,1000,Blue
6,1,0,Top Cleaner,1000,Red
6,2,1,Top Cleaner,800,Red
7,1,0,Top Cleaner,1000,Blue
7,2,1,CleanR,800,Blue
8,1,1,CleanR,800,Blue
8,2,0,Top Cleaner,800,Red
9,1,0,Top Cleaner,800,Blue
9,2,1,Top Cleaner,800,Red
10,1,0,Top Cleaner,1000,Blue
10,2,1,CleanR,800,Blue
11,1,1,CleanR,800,Red
11,2,0,Top Cleaner,1000,Blue
12,1,0,Top Cleaner,800,Red
12,2,1,CleanR,800,Blue
13,1,1,Top Cleaner,800,Blue
13,2,0,Top Cleaner,1000,Blue
14,1,0,Top Cleaner,1000,Blue
14,2,1,Top Cleaner,800,Blue
15,1,1,Top Cleaner,800,Red
15,2,0,Top Cleaner,800,Red
16,1,0,CleanR,1000,Blue
16,2,1,CleanR,1000,Red
17,1,0,Top Cleaner,1000,Blue
17,2,1,CleanR,800,Blue
18,1,0,Top Cleaner,1000,Blue
18,2,1,CleanR,1000,Red
19,1,0,Top Cleaner,800,Red
19,2,1,Top Cleaner,800,Blue
20,1,1,CleanR,800,Blue
20,2,0,Top Cleaner,800,Red
21,1,1,CleanR,800,Red
21,2,0,Top Cleaner,800,Red
22,1,0,Top Cleaner,800,Red
22,2,1,CleanR,800,Blue
23,1,0,Top Cleaner,1000,Red
23,2,1,CleanR,800,Blue
24,1,1,CleanR,1000,Red
24,2,0,Top Cleaner,800,Blue
25,1,1,Top Cleaner,1000,Blue
25,2,0,Top Cleaner,1000,Blue
26,1,1,CleanR,800,Blue
26,2,0,CleanR,800,Blue
27,1,0,Top Cleaner,1000,Blue
27,2,1,CleanR,800,Red
28,1,1,Top Cleaner,800,Blue
28,2,0,Top Cleaner,1000,Blue
29,1,0,Top Cleaner,800,Blue
29,2,1,Top Cleaner,800,Red
30,1,1,Top Cleaner,1000,Red
30,2,0,Top Cleaner,1000,Red
31,1,0,CleanR,800,Red
31,2,1,CleanR,1000,Red
32,1,1,CleanR,800,Red
32,2,0,Top Cleaner,1000,Blue
33,1,0,Top Cleaner,800,Blue
33,2,1,Top Cleaner,800,Blue
34,1,1,CleanR,1000,Blue
34,2,0,Top Cleaner,800,Red
35,1,0,Top Cleaner,1000,Blue
35,2,1,Top Cleaner,1000,Blue
36,1,0,Top Cleaner,800,Red
36,2,1,CleanR,1000,Blue
37,1,1,CleanR,1000,Blue
37,2,0,Top Cleaner,800,Blue
38,1,1,Top Cleaner,800,Blue
38,2,0,CleanR,1000,Blue
39,1,0,Top Cleaner,1000,Blue
39,2,1,CleanR,800,Blue
40,1,0,Top Cleaner,1000,Red
40,2,1,Top Cleaner,800,Red
41,1,1,Top Cleaner,800,Red
41,2,0,Top Cleaner,800,Red
42,1,1,Top Cleaner,800,Red
42,2,0,Top Cleaner,800,Blue
43,1,1,Top Cleaner,1000,Blue
43,2,0,CleanR,1000,Blue
44,1,0,Top Cleaner,800,Blue
44,2,1,Top Cleaner,800,Red
45,1,0,Top Cleaner,800,Red
45,2,1,CleanR,1000,Blue
46,1,0,Top Cleaner,800,Blue
46,2,1,Top Cleaner,800,Red
47,1,0,Top Cleaner,1000,Blue
47,2,1,Top Cleaner,800,Red
48,1,0,Top Cleaner,800,Blue
48,2,1,Top Cleaner,800,Red
49,1,0,Top Cleaner,800,Blue
49,2,1,Top Cleaner,1000,Blue
50,1,1,CleanR,800,Red
50,2,0,CleanR,1000,Red
51,1,0,Top Cleaner,1000,Red
51,2,1,Top Cleaner,800,Red
52,1,0,Top Cleaner,1000,Blue
52,2,1,Top Cleaner,800,Blue
53,1,1,CleanR,800,Red
53,2,0,Top Cleaner,800,Blue
54,1,1,Top Cleaner,800,Red
54,2,0,Top Cleaner,800,Blue
55,1,0,Top Cleaner,800,Blue
55,2,1,Top Cleaner,800,Blue
56,1,0,Top Cleaner,800,Blue
56,2,1,CleanR,800,Red
57,1,0,Top Cleaner,800,Blue
57,2,1,CleanR,800,Red
58,1,1,CleanR,800,Blue
58,2,0,Top Cleaner,800,Blue
59,1,1,CleanR,800,Blue
59,2,0,Top Cleaner,800,Blue
60,1,1,Top Cleaner,800,Red
60,2,0,Top Cleaner,1000,Red
61,1,0,Top Cleaner,800,Blue
61,2,1,Top Cleaner,800,Blue
62,1,0,Top Cleaner,1000,Blue
62,2,1,Top Cleaner,800,Blue
63,1,0,Top Cleaner,800,Red
63,2,1,Top Cleaner,800,Blue
64,1,1,Top Cleaner,800,Blue
64,2,0,Top Cleaner,1000,Blue
65,1,0,CleanR,800,Blue
65,2,1,CleanR,800,Red
66,1,1,Top Cleaner,1000,Red
66,2,0,Top Cleaner,800,Blue
67,1,1,CleanR,800,Blue
67,2,0,CleanR,1000,Blue
68,1,1,CleanR,1000,Blue
68,2,0,Top Cleaner,800,Blue
69,1,0,CleanR,800,Blue
69,2,1,Top Cleaner,800,Red
70,1,0,Top Cleaner,1000,Blue
70,2,1,Top Cleaner,800,Blue
71,1,1,CleanR,1000,Blue
71,2,0,Top Cleaner,1000,Blue
72,1,0,Top Cleaner,1000,Blue
72,2,1,Top Cleaner,800,Blue
73,1,1,CleanR,800,Red
73,2,0,Top Cleaner,800,Blue
74,1,1,Top Cleaner,800,Red
74,2,0,Top Cleaner,800,Blue
75,1,0,Top Cleaner,1000,Blue
75,2,1,CleanR,1000,Blue
76,1,0,Top Cleaner,800,Blue
76,2,1,CleanR,1000,Red
77,1,0,Top Cleaner,800,Blue
77,2,1,CleanR,800,Blue
78,1,0,Top Cleaner,1000,Blue
78,2,1,CleanR,1000,Blue
79,1,1,Top Cleaner,800,Red
79,2,0,Top Cleaner,1000,Blue
80,1,1,Top Cleaner,1000,Blue
80,2,0,Top Cleaner,1000,Blue
81,1,1,Top Cleaner,1000,Red
81,2,0,Top Cleaner,1000,Red
82,1,0,Top Cleaner,800,Blue
82,2,1,Top Cleaner,800,Blue
83,1,0,Top Cleaner,800,Blue
83,2,1,CleanR,800,Blue
84,1,0,CleanR,1000,Blue
84,2,1,CleanR,800,Blue
85,1,0,Top Cleaner,800,Red
85,2,1,Top Cleaner,800,Red
86,1,0,Top Cleaner,800,Red
86,2,1,CleanR,800,Blue
87,1,1,CleanR,800,Red
87,2,0,Top Cleaner,1000,Blue
88,1,1,CleanR,800,Blue
88,2,0,Top Cleaner,800,Blue
89,1,1,CleanR,1000,Blue
89,2,0,CleanR,1000,Blue
90,1,1,Top Cleaner,800,Red
90,2,0,Top Cleaner,1000,Blue
91,1,0,Top Cleaner,800,Blue
91,2,1,Top Cleaner,800,Blue
92,1,0,Top Cleaner,1000,Blue
92,2,1,Top Cleaner,1000,Blue
93,1,1,Top Cleaner,1000,Red
93,2,0,Top Cleaner,800,Blue
94,1,1,Top Cleaner,800,Red
94,2,0,Top Cleaner,800,Red
95,1,1,Top Cleaner,1000,Blue
95,2,0,Top Cleaner,1000,Red
96,1,0,Top Cleaner,800,Blue
96,2,1,Top Cleaner,800,Red
97,1,1,CleanR,800,Blue
97,2,0,Top Cleaner,800,Blue
98,1,0,Top Cleaner,800,Blue
98,2,1,CleanR,800,Red
99,1,1,Top Cleaner,800,Blue
99,2,0,Top Cleaner,800,Blue
100,1,1,Top Cleaner,800,Red
100,2,0,Top Cleaner,1000,Red
101,1,1,Top Cleaner,800,Blue
101,2,0,Top Cleaner,1000,Blue
102,1,1,Top Cleaner,800,Red
102,2,0,Top Cleaner,800,Blue
103,1,0,Top Cleaner,800,Blue
103,2,1,Top Cleaner,800,Blue
104,1,1,CleanR,800,Blue
104,2,0,CleanR,800,Blue
105,1,1,Top Cleaner,800,Blue
105,2,0,CleanR,1000,Blue
106,1,1,CleanR,800,Blue
106,2,0,Top Cleaner,800,Red
107,1,0,CleanR,1000,Red
107,2,1,CleanR,1000,Red
108,1,0,Top Cleaner,800,Blue
108,2,1,CleanR,1000,Blue
109,1,1,Top Cleaner,1000,Blue
109,2,0,Top Cleaner,1000,Blue
110,1,0,Top Cleaner,1000,Red
110,2,1,CleanR,800,Blue
111,1,1,CleanR,1000,Blue
111,2,0,Top Cleaner,1000,Blue
112,1,1,Top Cleaner,800,Red
112,2,0,Top Cleaner,800,Red
113,1,0,Top Cleaner,1000,Blue
113,2,1,Top Cleaner,800,Blue
114,1,1,CleanR,1000,Blue
114,2,0,Top Cleaner,800,Blue
115,1,0,CleanR,800,Blue
115,2,1,CleanR,800,Blue
116,1,0,Top Cleaner,800,Blue
116,2,1,Top Cleaner,1000,Blue
117,1,0,Top Cleaner,1000,Blue
117,2,1,Top Cleaner,800,Red
118,1,1,CleanR,1000,Blue
118,2,0,Top Cleaner,1000,Blue
119,1,1,Top Cleaner,800,Red
119,2,0,Top Cleaner,800,Blue
120,1,1,Top Cleaner,800,Red
120,2,0,CleanR,1000,Red
121,1,0,Top Cleaner,800,Red
121,2,1,CleanR,800,Blue
122,1,0,Top Cleaner,800,Blue
122,2,1,CleanR,1000,Red
123,1,1,Top Cleaner,800,Blue
123,2,0,Top Cleaner,1000,Blue
124,1,0,Top Cleaner,800,Blue
124,2,1,Top Cleaner,800,Red
125,1,0,Top Cleaner,800,Red
125,2,1,CleanR,1000,Red
126,1,1,CleanR,800,Red
126,2,0,CleanR,1000,Red
127,1,0,Top Cleaner,800,Blue
127,2,1,Top Cleaner,800,Red
128,1,0,Top Cleaner,800,Red
128,2,1,CleanR,800,Red
129,1,0,Top Cleaner,1000,Red
129,2,1,Top Cleaner,800,Blue
130,1,0,Top Cleaner,800,Blue
130,2,1,Top Cleaner,800,Blue
131,1,0,Top Cleaner,800,Blue
131,2,1,Top Cleaner,800,Red
132,1,1,CleanR,800,Blue
132,2,0,Top Cleaner,800,Blue
133,1,0,Top Cleaner,1000,Blue
133,2,1,Top Cleaner,1000,Blue
134,1,1,CleanR,800,Red
134,2,0,CleanR,800,Blue
135,1,0,Top Cleaner,800,Blue
135,2,1,Top Cleaner,800,Blue
136,1,0,Top Cleaner,1000,Blue
136,2,1,Top Cleaner,1000,Red
137,1,1,CleanR,800,Red
137,2,0,Top Cleaner,1000,Blue
138,1,1,CleanR,800,Blue
138,2,0,Top Cleaner,800,Blue
139,1,1,CleanR,800,Blue
139,2,0,Top Cleaner,800,Blue
140,1,0,Top Cleaner,800,Blue
140,2,1,CleanR,800,Red
141,1,0,Top Cleaner,800,Blue
141,2,1,CleanR,800,Blue
142,1,1,Top Cleaner,1000,Blue
142,2,0,Top Cleaner,800,Red
143,1,1,Top Cleaner,800,Blue
143,2,0,Top Cleaner,1000,Blue
144,1,1,Top Cleaner,1000,Red
144,2,0,Top Cleaner,1000,Blue
145,1,1,CleanR,1000,Red
145,2,0,Top Cleaner,800,Red
146,1,0,Top Cleaner,800,Red
146,2,1,CleanR,1000,Red
147,1,0,Top Cleaner,1000,Red
147,2,1,Top Cleaner,800,Red
148,1,0,Top Cleaner,1000,Blue
148,2,1,Top Cleaner,1000,Blue
149,1,0,Top Cleaner,1000,Red
149,2,1,Top Cleaner,800,Red
150,1,0,CleanR,1000,Red
150,2,1,Top Cleaner,800,Red
151,1,1,CleanR,1000,Red
151,2,0,Top Cleaner,1000,Blue
152,1,1,Top Cleaner,1000,Red
152,2,0,Top Cleaner,1000,Blue
153,1,0,Top Cleaner,1000,Blue
153,2,1,CleanR,1000,Blue
154,1,0,Top Cleaner,1000,Red
154,2,1,CleanR,1000,Blue
155,1,0,Top Cleaner,1000,Blue
155,2,1,Top Cleaner,800,Red
156,1,1,Top Cleaner,800,Blue
156,2,0,Top Cleaner,1000,Red
157,1,0,Top Cleaner,800,Blue
157,2,1,Top Cleaner,800,Red
158,1,0,Top Cleaner,800,Blue
158,2,1,Top Cleaner,800,Red
159,1,1,Top Cleaner,800,Red
159,2,0,Top Cleaner,800,Blue
160,1,0,Top Cleaner,1000,Red
160,2,1,CleanR,1000,Blue
161,1,0,Top Cleaner,1000,Blue
161,2,1,Top Cleaner,800,Blue
162,1,0,Top Cleaner,1000,Blue
162,2,1,Top Cleaner,800,Blue
163,1,0,Top Cleaner,1000,Blue
163,2,1,Top Cleaner,800,Red
164,1,0,Top Cleaner,800,Blue
164,2,1,Top Cleaner,800,Blue
165,1,0,Top Cleaner,1000,Red
165,2,1,Top Cleaner,800,Blue
166,1,0,Top Cleaner,1000,Blue
166,2,1,Top Cleaner,800,Blue
167,1,1,CleanR,800,Red
167,2,0,Top Cleaner,800,Red
168,1,0,Top Cleaner,1000,Red
168,2,1,Top Cleaner,800,Red
169,1,0,Top Cleaner,1000,Blue
169,2,1,Top Cleaner,800,Blue
170,1,0,Top Cleaner,800,Blue
170,2,1,CleanR,1000,Red
171,1,0,Top Cleaner,800,Blue
171,2,1,Top Cleaner,1000,Red
172,1,0,Top Cleaner,1000,Blue
172,2,1,CleanR,1000,Blue
173,1,0,CleanR,800,Blue
173,2,1,Top Cleaner,800,Blue
174,1,1,CleanR,800,Red
174,2,0,Top Cleaner,1000,Blue
175,1,0,Top Cleaner,1000,Red
175,2,1,Top Cleaner,1000,Red
176,1,1,Top Cleaner,800,Red
176,2,0,CleanR,1000,Blue
177,1,0,Top Cleaner,800,Blue
177,2,1,Top Cleaner,800,Red
178,1,0,Top Cleaner,1000,Blue
178,2,1,Top Cleaner,800,Red
179,1,1,CleanR,800,Red
179,2,0,Top Cleaner,1000,Blue
180,1,1,Top Cleaner,800,Red
180,2,0,Top Cleaner,1000,Red
181,1,0,CleanR,800,Blue
181,2,1,CleanR,800,Blue
182,1,0,Top Cleaner,800,Blue
182,2,1,CleanR,800,Red
183,1,1,CleanR,800,Blue
183,2,0,Top Cleaner,800,Red
184,1,0,Top Cleaner,800,Red
184,2,1,CleanR,800,Red
185,1,1,Top Cleaner,1000,Red
185,2,0,Top Cleaner,800,Blue
186,1,1,Top Cleaner,800,Red
186,2,0,Top Cleaner,1000,Red
187,1,1,Top Cleaner,800,Blue
187,2,0,Top Cleaner,800,Blue
188,1,1,Top Cleaner,1000,Blue
188,2,0,Top Cleaner,1000,Blue
189,1,1,CleanR,1000,Red
189,2,0,Top Cleaner,1000,Red
190,1,1,CleanR,800,Blue
190,2,0,CleanR,800,Red
191,1,1,Top Cleaner,1000,Red
191,2,0,Top Cleaner,800,Blue
192,1,0,Top Cleaner,1000,Red
192,2,1,Top Cleaner,800,Blue
193,1,1,CleanR,800,Blue
193,2,0,Top Cleaner,800,Blue
194,1,0,Top Cleaner,800,Blue
194,2,1,CleanR,1000,Blue
195,1,1,CleanR,1000,Blue
195,2,0,Top Cleaner,1000,Red
196,1,0,Top Cleaner,1000,Blue
196,2,1,Top Cleaner,1000,Blue
197,1,0,Top Cleaner,800,Blue
197,2,1,CleanR,800,Blue
198,1,0,Top Cleaner,800,Red
198,2,1,CleanR,800,Red
199,1,0,Top Cleaner,1000,Blue
199,2,1,Top Cleaner,800,Red
200,1,0,Top Cleaner,1000,Red
200,2,1,Top Cleaner,800,Blue
201,1,1,Top Cleaner,800,Red
201,2,0,Top Cleaner,800,Blue
202,1,1,CleanR,1000,Blue
202,2,0,Top Cleaner,800,Blue
203,1,1,Top Cleaner,800,Red
203,2,0,Top Cleaner,800,Blue
204,1,1,Top Cleaner,1000,Red
204,2,0,Top Cleaner,1000,Blue
205,1,1,Top Cleaner,800,Blue
205,2,0,CleanR,1000,Blue
206,1,1,CleanR,1000,Blue
206,2,0,Top Cleaner,800,Red
207,1,1,Top Cleaner,1000,Red
207,2,0,Top Cleaner,1000,Blue
208,1,0,Top Cleaner,1000,Blue
208,2,1,CleanR,1000,Red
209,1,1,Top Cleaner,800,Blue
209,2,0,Top Cleaner,1000,Blue
210,1,0,Top Cleaner,800,Blue
210,2,1,Top Cleaner,800,Blue
211,1,0,Top Cleaner,800,Blue
211,2,1,Top Cleaner,800,Blue
212,1,0,Top Cleaner,800,Blue
212,2,1,CleanR,800,Blue
213,1,1,Top Cleaner,800,Red
213,2,0,Top Cleaner,1000,Blue
214,1,1,Top Cleaner,800,Red
214,2,0,Top Cleaner,800,Blue
215,1,0,Top Cleaner,1000,Blue
215,2,1,Top Cleaner,800,Red
216,1,1,CleanR,1000,Blue
216,2,0,Top Cleaner,1000,Red
217,1,1,Top Cleaner,800,Blue
217,2,0,Top Cleaner,1000,Blue
218,1,0,Top Cleaner,1000,Blue
218,2,1,Top Cleaner,1000,Blue
219,1,1,CleanR,1000,Blue
219,2,0,Top Cleaner,800,Blue
220,1,1,CleanR,800,Blue
220,2,0,Top Cleaner,1000,Red
221,1,0,Top Cleaner,1000,Blue
221,2,1,Top Cleaner,800,Red
222,1,0,CleanR,1000,Blue
222,2,1,Top Cleaner,800,Blue
223,1,1,CleanR,800,Blue
223,2,0,Top Cleaner,1000,Red
224,1,1,Top Cleaner,1000,Red
224,2,0,Top Cleaner,1000,Blue
225,1,0,Top Cleaner,1000,Red
225,2,1,Top Cleaner,800,Red
226,1,1,Top Cleaner,800,Blue
226,2,0,Top Cleaner,1000,Red
227,1,1,Top Cleaner,1000,Blue
227,2,0,Top Cleaner,1000,Blue
228,1,0,Top Cleaner,800,Blue
228,2,1,Top Cleaner,800,Blue
229,1,0,Top Cleaner,1000,Red
229,2,1,CleanR,800,Blue
230,1,1,CleanR,1000,Blue
230,2,0,Top Cleaner,800,Blue
231,1,1,Top Cleaner,800,Blue
231,2,0,Top Cleaner,800,Red
232,1,1,Top Cleaner,1000,Blue
232,2,0,Top Cleaner,1000,Blue
233,1,1,Top Cleaner,800,Blue
233,2,0,Top Cleaner,800,Blue
234,1,0,Top Cleaner,800,Red
234,2,1,CleanR,1000,Blue
235,1,1,Top Cleaner,800,Red
235,2,0,Top Cleaner,800,Blue
236,1,1,Top Cleaner,800,Blue
236,2,0,Top Cleaner,800,Blue
237,1,1,Top Cleaner,800,Blue
237,2,0,Top Cleaner,1000,Blue
238,1,1,CleanR,1000,Blue
238,2,0,Top Cleaner,1000,Blue
239,1,0,Top Cleaner,1000,Blue
239,2,1,Top Cleaner,800,Blue
240,1,1,CleanR,800,Red
240,2,0,Top Cleaner,800,Blue
241,1,1,Top Cleaner,800,Blue
241,2,0,Top Cleaner,800,Blue
242,1,1,Top Cleaner,800,Red
242,2,0,CleanR,1000,Blue
243,1,0,Top Cleaner,1000,Blue
243,2,1,Top Cleaner,800,Blue
244,1,0,Top Cleaner,800,Blue
244,2,1,Top Cleaner,800,Blue
245,1,0,Top Cleaner,1000,Red
245,2,1,CleanR,800,Blue
246,1,1,CleanR,1000,Red
246,2,0,Top Cleaner,1000,Blue
247,1,0,Top Cleaner,1000,Blue
247,2,1,CleanR,1000,Blue
248,1,1,CleanR,800,Blue
248,2,0,Top Cleaner,800,Blue
249,1,0,CleanR,800,Blue
249,2,1,CleanR,800,Blue
250,1,1,CleanR,800,Red
250,2,0,CleanR,1000,Blue
251,1,0,Top Cleaner,800,Blue
251,2,1,CleanR,1000,Red
252,1,1,Top Cleaner,800,Red
252,2,0,Top Cleaner,800,Blue
253,1,1,Top Cleaner,800,Blue
253,2,0,Top Cleaner,1000,Blue
254,1,0,Top Cleaner,800,Blue
254,2,1,CleanR,800,Blue
255,1,0,Top Cleaner,1000,Blue
255,2,1,Top Cleaner,800,Blue
256,1,0,CleanR,1000,Blue
256,2,1,CleanR,1000,Blue
257,1,1,Top Cleaner,1000,Red
257,2,0,Top Cleaner,1000,Blue
258,1,1,Top Cleaner,800,Red
258,2,0,Top Cleaner,1000,Blue
259,1,0,Top Cleaner,1000,Red
259,2,1,CleanR,800,Blue
260,1,1,CleanR,1000,Blue
260,2,0,Top Cleaner,800,Blue
261,1,0,CleanR,800,Red
261,2,1,Top Cleaner,800,Red
262,1,1,CleanR,800,Blue
262,2,0,Top Cleaner,800,Red
263,1,0,Top Cleaner,800,Blue
263,2,1,Top Cleaner,800,Red
264,1,0,CleanR,1000,Red
264,2,1,Top Cleaner,800,Red
265,1,1,Top Cleaner,800,Red
265,2,0,Top Cleaner,800,Blue
266,1,0,Top Cleaner,800,Blue
266,2,1,CleanR,1000,Red
267,1,0,Top Cleaner,1000,Red
267,2,1,CleanR,800,Blue
268,1,0,Top Cleaner,800,Blue
268,2,1,Top Cleaner,1000,Blue
269,1,0,Top Cleaner,800,Blue
269,2,1,Top Cleaner,800,Blue
270,1,0,Top Cleaner,800,Red
270,2,1,CleanR,800,Red
271,1,1,CleanR,800,Red
271,2,0,Top Cleaner,800,Blue
272,1,0,Top Cleaner,1000,Blue
272,2,1,CleanR,800,Red
273,1,1,Top Cleaner,1000,Red
273,2,0,Top Cleaner,800,Red
274,1,0,Top Cleaner,1000,Blue
274,2,1,Top Cleaner,1000,Red
275,1,1,CleanR,1000,Blue
275,2,0,Top Cleaner,1000,Blue
276,1,1,CleanR,800,Red
276,2,0,Top Cleaner,1000,Red
277,1,1,CleanR,800,Blue
277,2,0,Top Cleaner,1000,Red
278,1,0,Top Cleaner,1000,Blue
278,2,1,Top Cleaner,800,Blue
279,1,0,Top Cleaner,1000,Red
279,2,1,Top Cleaner,800,Blue
280,1,0,Top Cleaner,1000,Red
280,2,1,Top Cleaner,800,Red
281,1,1,CleanR,1000,Blue
281,2,0,CleanR,1000,Red
282,1,0,Top Cleaner,800,Red
282,2,1,CleanR,800,Blue
283,1,1,Top Cleaner,800,Blue
283,2,0,Top Cleaner,1000,Blue
284,1,0,Top Cleaner,800,Blue
284,2,1,CleanR,800,Blue
285,1,0,Top Cleaner,800,Blue
285,2,1,Top Cleaner,800,Red
286,1,1,Top Cleaner,800,Red
286,2,0,Top Cleaner,800,Blue
287,1,1,Top Cleaner,1000,Red
287,2,0,Top Cleaner,1000,Blue
288,1,1,Top Cleaner,1000,Blue
288,2,0,Top Cleaner,1000,Blue
289,1,0,Top Cleaner,1000,Blue
289,2,1,Top Cleaner,800,Red
290,1,1,Top Cleaner,800,Blue
290,2,0,Top Cleaner,1000,Blue
291,1,0,Top Cleaner,1000,Blue
291,2,1,Top Cleaner,800,Blue
292,1,1,Top Cleaner,1000,Blue
292,2,0,Top Cleaner,800,Red
293,1,0,Top Cleaner,1000,Blue
293,2,1,Top Cleaner,800,Red
294,1,1,CleanR,800,Red
294,2,0,Top Cleaner,1000,Red
295,1,1,CleanR,1000,Blue
295,2,0,Top Cleaner,1000,Red
296,1,1,CleanR,800,Red
296,2,0,Top Cleaner,800,Red
297,1,1,CleanR,800,Blue
297,2,0,Top Cleaner,800,Blue
298,1,0,Top Cleaner,1000,Red
298,2,1,Top Cleaner,800,Red
299,1,0,Top Cleaner,800,Red
299,2,1,Top Cleaner,800,Blue
300,1,1,CleanR,800,Blue
300,2,0,Top Cleaner,800,Blue
301,1,1,CleanR,800,Blue
301,2,0,Top Cleaner,800,Blue
302,1,1,Top Cleaner,800,Red
302,2,0,CleanR,800,Blue
303,1,1,CleanR,800,Red
303,2,0,CleanR,1000,Blue
304,1,1,CleanR,800,Red
304,2,0,CleanR,800,Red
305,1,1,Top Cleaner,800,Blue
305,2,0,Top Cleaner,1000,Blue
306,1,0,Top Cleaner,1000,Blue
306,2,1,CleanR,800,Blue
307,1,0,Top Cleaner,800,Blue
307,2,1,CleanR,800,Blue
308,1,0,Top Cleaner,800,Blue
308,2,1,Top Cleaner,800,Red
309,1,1,Top Cleaner,800,Red
309,2,0,Top Cleaner,1000,Red
310,1,1,Top Cleaner,1000,Blue
310,2,0,Top Cleaner,800,Blue
311,1,0,Top Cleaner,1000,Blue
311,2,1,Top Cleaner,1000,Red
312,1,0,Top Cleaner,1000,Red
312,2,1,CleanR,800,Blue
313,1,1,CleanR,800,Red
313,2,0,Top Cleaner,800,Blue
314,1,0,Top Cleaner,1000,Blue
314,2,1,Top Cleaner,1000,Blue
315,1,1,Top Cleaner,800,Blue
315,2,0,Top Cleaner,1000,Blue
316,1,0,CleanR,800,Red
316,2,1,CleanR,800,Red
317,1,1,CleanR,800,Blue
317,2,0,Top Cleaner,800,Red
318,1,0,Top Cleaner,1000,Blue
318,2,1,Top Cleaner,800,Blue
319,1,0,Top Cleaner,800,Blue
319,2,1,CleanR,1000,Red
320,1,1,CleanR,800,Blue
320,2,0,Top Cleaner,800,Blue
321,1,1,CleanR,1000,Blue
321,2,0,Top Cleaner,800,Red
322,1,1,Top Cleaner,800,Red
322,2,0,Top Cleaner,800,Red
323,1,0,Top Cleaner,800,Blue
323,2,1,CleanR,800,Red
324,1,0,CleanR,800,Blue
324,2,1,Top Cleaner,800,Red
325,1,1,Top Cleaner,800,Blue
325,2,0,Top Cleaner,800,Blue
326,1,1,Top Cleaner,800,Blue
326,2,0,Top Cleaner,1000,Red
327,1,1,CleanR,800,Blue
327,2,0,Top Cleaner,1000,Red
328,1,0,Top Cleaner,1000,Blue
328,2,1,Top Cleaner,1000,Red
329,1,1,Top Cleaner,1000,Blue
329,2,0,Top Cleaner,1000,Blue
330,1,0,CleanR,1000,Blue
330,2,1,Top Cleaner,1000,Blue
331,1,1,Top Cleaner,800,Blue
331,2,0,Top Cleaner,800,Blue
332,1,0,Top Cleaner,800,Blue
332,2,1,CleanR,800,Red
333,1,1,CleanR,1000,Blue
333,2,0,Top Cleaner,1000,Blue
334,1,1,CleanR,800,Blue
334,2,0,Top Cleaner,800,Red
335,1,1,Top Cleaner,800,Blue
335,2,0,Top Cleaner,1000,Blue
336,1,1,Top Cleaner,800,Red
336,2,0,Top Cleaner,800,Blue
337,1,1,Top Cleaner,800,Red
337,2,0,Top Cleaner,1000,Blue
338,1,1,Top Cleaner,800,Red
338,2,0,Top Cleaner,800,Blue
339,1,1,Top Cleaner,800,Red
339,2,0,Top Cleaner,1000,Red
340,1,1,CleanR,800,Red
340,2,0,Top Cleaner,800,Red
341,1,1,Top Cleaner,800,Blue
341,2,0,Top Cleaner,1000,Blue
342,1,0,Top Cleaner,1000,Blue
342,2,1,CleanR,800,Red
343,1,0,Top Cleaner,1000,Blue
343,2,1,Top Cleaner,800,Blue
344,1,0,Top Cleaner,1000,Blue
344,2,1,Top Cleaner,800,Red
345,1,0,Top Cleaner,1000,Blue
345,2,1,Top Cleaner,800,Blue
346,1,0,Top Cleaner,1000,Blue
346,2,1,Top Cleaner,1000,Red
347,1,1,CleanR,800,Red
347,2,0,Top Cleaner,800,Blue
348,1,0,Top Cleaner,1000,Red
348,2,1,Top Cleaner,800,Blue
349,1,1,Top Cleaner,800,Red
349,2,0,Top Cleaner,1000,Red
350,1,1,Top Cleaner,1000,Blue
350,2,0,Top Cleaner,1000,Blue
351,1,0,Top Cleaner,1000,Red
351,2,1,Top Cleaner,800,Red
352,1,0,CleanR,1000,Blue
352,2,1,Top Cleaner,800,Blue
353,1,0,Top Cleaner,1000,Red
353,2,1,Top Cleaner,800,Red
354,1,0,Top Cleaner,800,Blue
354,2,1,CleanR,1000,Red
355,1,1,Top Cleaner,800,Red
355,2,0,Top Cleaner,1000,Blue
356,1,1,CleanR,1000,Blue
356,2,0,Top Cleaner,800,Blue
357,1,0,Top Cleaner,1000,Red
357,2,1,CleanR,1000,Blue
358,1,0,Top Cleaner,1000,Blue
358,2,1,Top Cleaner,1000,Blue
359,1,0,Top Cleaner,800,Blue
359,2,1,Top Cleaner,800,Blue
360,1,0,CleanR,1000,Blue
360,2,1,CleanR,800,Blue
361,1,1,Top Cleaner,800,Red
361,2,0,CleanR,1000,Red
362,1,0,Top Cleaner,800,Blue
362,2,1,Top Cleaner,800,Blue
363,1,1,CleanR,1000,Blue
363,2,0,Top Cleaner,800,Blue
364,1,1,Top Cleaner,800,Red
364,2,0,Top Cleaner,800,Blue
365,1,0,Top Cleaner,1000,Blue
365,2,1,Top Cleaner,1000,Blue
366,1,1,CleanR,800,Red
366,2,0,CleanR,800,Blue
367,1,0,Top Cleaner,800,Red
367,2,1,CleanR,800,Blue
368,1,0,Top Cleaner,800,Blue
368,2,1,Top Cleaner,800,Red
369,1,0,Top Cleaner,1000,Red
369,2,1,Top Cleaner,800,Red
370,1,0,Top Cleaner,800,Blue
370,2,1,CleanR,800,Blue
371,1,1,Top Cleaner,800,Blue
371,2,0,Top Cleaner,800,Blue
372,1,0,Top Cleaner,800,Blue
372,2,1,Top Cleaner,800,Blue
373,1,1,CleanR,800,Blue
373,2,0,Top Cleaner,800,Blue
374,1,0,Top Cleaner,800,Blue
374,2,1,CleanR,800,Blue
375,1,0,Top Cleaner,800,Blue
375,2,1,CleanR,800,Red
376,1,0,CleanR,800,Blue
376,2,1,CleanR,800,Red
377,1,1,CleanR,800,Blue
377,2,0,Top Cleaner,1000,Red
378,1,0,Top Cleaner,1000,Blue
378,2,1,Top Cleaner,800,Red
379,1,0,Top Cleaner,1000,Blue
379,2,1,Top Cleaner,800,Blue
380,1,0,CleanR,1000,Blue
380,2,1,CleanR,800,Blue
381,1,1,Top Cleaner,800,Red
381,2,0,Top Cleaner,800,Red
382,1,1,CleanR,800,Blue
382,2,0,Top Cleaner,800,Blue
383,1,0,Top Cleaner,1000,Blue
383,2,1,Top Cleaner,800,Blue
384,1,0,CleanR,1000,Blue
384,2,1,Top Cleaner,800,Red
385,1,1,Top Cleaner,800,Red
385,2,0,Top Cleaner,800,Blue
386,1,1,CleanR,1000,Blue
386,2,0,Top Cleaner,1000,Red
387,1,0,Top Cleaner,1000,Red
387,2,1,Top Cleaner,1000,Blue
388,1,1,Top Cleaner,800,Red
388,2,0,Top Cleaner,1000,Blue
389,1,0,Top Cleaner,800,Blue
389,2,1,Top Cleaner,800,Red
390,1,0,Top Cleaner,800,Blue
390,2,1,Top Cleaner,800,Blue
391,1,0,CleanR,1000,Red
391,2,1,CleanR,800,Red
392,1,0,Top Cleaner,800,Red
392,2,1,CleanR,800,Blue
393,1,1,CleanR,800,Blue
393,2,0,Top Cleaner,1000,Red
394,1,0,CleanR,800,Blue
394,2,1,Top Cleaner,800,Red
395,1,0,Top Cleaner,800,Blue
395,2,1,Top Cleaner,800,Red
396,1,0,Top Cleaner,800,Blue
396,2,1,Top Cleaner,800,Blue
397,1,1,Top Cleaner,1000,Blue
397,2,0,Top Cleaner,1000,Blue
398,1,0,Top Cleaner,800,Blue
398,2,1,CleanR,800,Blue
399,1,0,Top Cleaner,1000,Blue
399,2,1,CleanR,800,Red
400,1,1,CleanR,1000,Blue
400,2,0,Top Cleaner,1000,Red
401,1,1,CleanR,800,Red
401,2,0,CleanR,1000,Red
402,1,0,Top Cleaner,800,Blue
402,2,1,CleanR,800,Blue
403,1,1,CleanR,800,Blue
403,2,0,Top Cleaner,800,Blue
404,1,0,Top Cleaner,800,Blue
404,2,1,Top Cleaner,800,Blue
405,1,1,Top Cleaner,800,Red
405,2,0,Top Cleaner,1000,Blue
406,1,1,Top Cleaner,1000,Blue
406,2,0,Top Cleaner,1000,Blue
407,1,0,CleanR,800,Blue
407,2,1,CleanR,800,Blue
408,1,0,Top Cleaner,800,Blue
408,2,1,Top Cleaner,800,Blue
409,1,0,Top Cleaner,1000,Blue
409,2,1,CleanR,800,Blue
410,1,0,Top Cleaner,800,Red
410,2,1,CleanR,800,Red
411,1,0,Top Cleaner,1000,Blue
411,2,1,Top Cleaner,800,Blue
412,1,1,CleanR,1000,Red
412,2,0,Top Cleaner,800,Red
413,1,0,Top Cleaner,800,Blue
413,2,1,CleanR,800,Red
414,1,1,Top Cleaner,1000,Red
414,2,0,Top Cleaner,800,Blue
415,1,1,Top Cleaner,800,Red
415,2,0,Top Cleaner,1000,Blue
416,1,0,Top Cleaner,800,Red
416,2,1,CleanR,1000,Blue
417,1,1,CleanR,1000,Blue
417,2,0,Top Cleaner,1000,Blue
418,1,0,Top Cleaner,800,Blue
418,2,1,Top Cleaner,800,Red
419,1,1,Top Cleaner,800,Red
419,2,0,CleanR,800,Blue
420,1,0,Top Cleaner,800,Blue
420,2,1,Top Cleaner,800,Red
421,1,1,Top Cleaner,800,Red
421,2,0,Top Cleaner,800,Blue
422,1,0,Top Cleaner,800,Blue
422,2,1,CleanR,800,Blue
423,1,1,Top Cleaner,800,Blue
423,2,0,Top Cleaner,1000,Red
424,1,0,Top Cleaner,1000,Blue
424,2,1,CleanR,1000,Red
425,1,1,CleanR,800,Red
425,2,0,Top Cleaner,800,Blue
426,1,0,Top Cleaner,1000,Blue
426,2,1,CleanR,800,Blue
427,1,0,Top Cleaner,800,Red
427,2,1,CleanR,800,Blue
428,1,1,Top Cleaner,800,Red
428,2,0,Top Cleaner,800,Blue
429,1,0,Top Cleaner,800,Red
429,2,1,CleanR,800,Blue
430,1,1,CleanR,800,Blue
430,2,0,Top Cleaner,800,Blue
431,1,1,CleanR,1000,Blue
431,2,0,Top Cleaner,1000,Blue
432,1,0,Top Cleaner,800,Blue
432,2,1,Top Cleaner,800,Red
433,1,0,Top Cleaner,1000,Blue
433,2,1,CleanR,1000,Red
434,1,1,CleanR,800,Blue
434,2,0,Top Cleaner,800,Red
435,1,1,Top Cleaner,800,Blue
435,2,0,Top Cleaner,1000,Blue
436,1,0,Top Cleaner,1000,Blue
436,2,1,CleanR,800,Red
437,1,1,Top Cleaner,800,Blue
437,2,0,Top Cleaner,1000,Red
438,1,1,Top Cleaner,1000,Red
438,2,0,Top Cleaner,800,Blue
439,1,0,Top Cleaner,800,Red
439,2,1,CleanR,1000,Red
440,1,0,Top Cleaner,1000,Blue
440,2,1,CleanR,1000,Red
441,1,0,Top Cleaner,1000,Blue
441,2,1,Top Cleaner,1000,Red
442,1,0,Top Cleaner,800,Blue
442,2,1,Top Cleaner,800,Blue
443,1,1,CleanR,800,Red
443,2,0,CleanR,800,Blue
444,1,0,Top Cleaner,800,Red
444,2,1,CleanR,1000,Blue
445,1,1,CleanR,1000,Red
445,2,0,Top Cleaner,1000,Blue
446,1,1,CleanR,1000,Red
446,2,0,Top Cleaner,1000,Red
447,1,1,CleanR,800,Blue
447,2,0,Top Cleaner,1000,Blue
448,1,0,Top Cleaner,1000,Blue
448,2,1,Top Cleaner,1000,Red
449,1,0,Top Cleaner,800,Blue
449,2,1,Top Cleaner,800,Blue
450,1,0,Top Cleaner,1000,Blue
450,2,1,Top Cleaner,800,Red
451,1,1,Top Cleaner,800,Blue
451,2,0,Top Cleaner,800,Blue
452,1,1,Top Cleaner,800,Red
452,2,0,Top Cleaner,1000,Blue
453,1,0,Top Cleaner,1000,Blue
453,2,1,CleanR,800,Blue
454,1,0,Top Cleaner,800,Red
454,2,1,CleanR,800,Blue
455,1,0,Top Cleaner,800,Blue
455,2,1,Top Cleaner,800,Red
456,1,1,CleanR,800,Red
456,2,0,CleanR,800,Red
457,1,1,CleanR,1000,Red
457,2,0,Top Cleaner,800,Blue
458,1,1,CleanR,800,Blue
458,2,0,Top Cleaner,800,Blue
459,1,1,Top Cleaner,800,Blue
459,2,0,Top Cleaner,800,Blue
460,1,0,Top Cleaner,1000,Blue
460,2,1,Top Cleaner,800,Red
461,1,1,CleanR,800,Blue
461,2,0,Top Cleaner,800,Red
462,1,1,Top Cleaner,800,Red
462,2,0,Top Cleaner,800,Blue
463,1,1,Top Cleaner,1000,Blue
463,2,0,Top Cleaner,1000,Blue
464,1,0,Top Cleaner,1000,Blue
464,2,1,Top Cleaner,800,Red
465,1,0,Top Cleaner,1000,Red
465,2,1,CleanR,1000,Blue
466,1,0,Top Cleaner,800,Blue
466,2,1,CleanR,800,Red
467,1,0,Top Cleaner,1000,Blue
467,2,1,CleanR,800,Blue
468,1,1,Top Cleaner,800,Blue
468,2,0,Top Cleaner,800,Red
469,1,0,Top Cleaner,1000,Red
469,2,1,CleanR,800,Red
470,1,0,CleanR,800,Blue
470,2,1,CleanR,800,Blue
471,1,0,Top Cleaner,1000,Blue
471,2,1,CleanR,1000,Red
472,1,0,CleanR,800,Blue
472,2,1,CleanR,1000,Blue
473,1,0,Top Cleaner,1000,Red
473,2,1,Top Cleaner,800,Red
474,1,1,CleanR,1000,Blue
474,2,0,Top Cleaner,800,Red
475,1,0,Top Cleaner,1000,Blue
475,2,1,CleanR,800,Blue
476,1,0,Top Cleaner,1000,Blue
476,2,1,Top Cleaner,800,Blue
477,1,1,Top Cleaner,800,Blue
477,2,0,Top Cleaner,1000,Red
478,1,1,Top Cleaner,800,Blue
478,2,0,Top Cleaner,1000,Blue
479,1,1,Top Cleaner,800,Blue
479,2,0,Top Cleaner,1000,Blue
480,1,1,CleanR,800,Red
480,2,0,Top Cleaner,1000,Blue
481,1,0,Top Cleaner,1000,Blue
481,2,1,Top Cleaner,800,Red
482,1,1,CleanR,800,Blue
482,2,0,Top Cleaner,1000,Blue
483,1,1,Top Cleaner,800,Red
483,2,0,Top Cleaner,1000,Red
484,1,0,Top Cleaner,800,Blue
484,2,1,CleanR,1000,Red
485,1,1,CleanR,1000,Red
485,2,0,Top Cleaner,800,Red
486,1,0,Top Cleaner,800,Blue
486,2,1,Top Cleaner,800,Blue
487,1,0,Top Cleaner,800,Blue
487,2,1,Top Cleaner,800,Red
488,1,0,Top Cleaner,1000,Red
488,2,1,Top Cleaner,800,Red
489,1,0,Top Cleaner,1000,Blue
489,2,1,Top Cleaner,800,Red
490,1,1,CleanR,1000,Blue
490,2,0,Top Cleaner,800,Red
491,1,0,CleanR,1000,Blue
491,2,1,Top Cleaner,800,Red
492,1,1,Top Cleaner,1000,Red
492,2,0,Top Cleaner,1000,Blue
493,1,0,Top Cleaner,1000,Blue
493,2,1,Top Cleaner,800,Blue
494,1,1,CleanR,1000,Red
494,2,0,Top Cleaner,1000,Red
495,1,1,Top Cleaner,800,Blue
495,2,0,Top Cleaner,1000,Red
496,1,1,CleanR,1000,Blue
496,2,0,Top Cleaner,1000,Blue
497,1,0,Top Cleaner,800,Blue
497,2,1,CleanR,1000,Red
498,1,0,Top Cleaner,1000,Blue
498,2,1,Top Cleaner,1000,Red
499,1,1,Top Cleaner,800,Blue
499,2,0,Top Cleaner,1000,Blue
500,1,1,CleanR,800,Red
500,2,0,Top Cleaner,800,Blue
501,1,1,Top Cleaner,800,Blue
501,2,0,Top Cleaner,800,Blue
502,1,1,Top Cleaner,1000,Blue
502,2,0,Top Cleaner,800,Blue
503,1,1,Top Cleaner,800,Red
503,2,0,Top Cleaner,1000,Blue
504,1,0,Top Cleaner,1000,Red
504,2,1,Top Cleaner,800,Red
505,1,1,Top Cleaner,1000,Red
505,2,0,Top Cleaner,800,Blue
506,1,1,Top Cleaner,1000,Blue
506,2,0,Top Cleaner,1000,Blue
507,1,1,Top Cleaner,800,Red
507,2,0,Top Cleaner,1000,Red
508,1,0,Top Cleaner,800,Blue
508,2,1,Top Cleaner,1000,Blue
509,1,1,CleanR,1000,Red
509,2,0,CleanR,1000,Blue
510,1,0,Top Cleaner,800,Blue
510,2,1,CleanR,800,Blue
511,1,0,Top Cleaner,1000,Red
511,2,1,CleanR,800,Red
512,1,0,Top Cleaner,1000,Red
512,2,1,Top Cleaner,1000,Blue
513,1,1,CleanR,1000,Blue
513,2,0,Top Cleaner,800,Blue
514,1,1,Top Cleaner,800,Blue
514,2,0,Top Cleaner,1000,Blue
515,1,1,CleanR,1000,Red
515,2,0,Top Cleaner,800,Red
516,1,0,Top Cleaner,800,Blue
516,2,1,Top Cleaner,800,Red
517,1,0,Top Cleaner,1000,Blue
517,2,1,Top Cleaner,800,Red
518,1,1,CleanR,800,Blue
518,2,0,Top Cleaner,800,Blue
519,1,0,Top Cleaner,1000,Red
519,2,1,Top Cleaner,1000,Red
520,1,1,CleanR,800,Blue
520,2,0,Top Cleaner,800,Blue
521,1,1,Top Cleaner,800,Blue
521,2,0,Top Cleaner,1000,Blue
522,1,0,Top Cleaner,800,Blue
522,2,1,CleanR,800,Blue
523,1,1,Top Cleaner,800,Red
523,2,0,Top Cleaner,800,Red
524,1,0,Top Cleaner,800,Blue
524,2,1,CleanR,800,Red
525,1,1,Top Cleaner,800,Blue
525,2,0,Top Cleaner,800,Blue
526,1,1,Top Cleaner,800,Blue
526,2,0,Top Cleaner,1000,Red
527,1,1,CleanR,1000,Blue
527,2,0,Top Cleaner,1000,Blue
528,1,0,Top Cleaner,1000,Blue
528,2,1,CleanR,1000,Blue
529,1,1,CleanR,800,Red
529,2,0,Top Cleaner,800,Blue
530,1,0,Top Cleaner,800,Red
530,2,1,Top Cleaner,800,Red
531,1,0,CleanR,1000,Blue
531,2,1,CleanR,1000,Red
532,1,0,Top Cleaner,1000,Blue
532,2,1,CleanR,800,Blue
533,1,1,Top Cleaner,800,Red
533,2,0,Top Cleaner,800,Blue
534,1,1,CleanR,1000,Red
534,2,0,CleanR,800,Blue
535,1,1,Top Cleaner,1000,Blue
535,2,0,Top Cleaner,1000,Blue
536,1,1,CleanR,800,Blue
536,2,0,Top Cleaner,800,Red
537,1,1,Top Cleaner,1000,Red
537,2,0,Top Cleaner,1000,Red
538,1,1,CleanR,800,Red
538,2,0,Top Cleaner,800,Red
539,1,0,Top Cleaner,800,Blue
539,2,1,CleanR,800,Blue
540,1,0,Top Cleaner,800,Red
540,2,1,CleanR,800,Blue
541,1,1,CleanR,1000,Blue
541,2,0,Top Cleaner,1000,Blue
542,1,0,Top Cleaner,1000,Blue
542,2,1,Top Cleaner,800,Red
543,1,1,CleanR,1000,Red
543,2,0,Top Cleaner,1000,Blue
544,1,0,Top Cleaner,1000,Red
544,2,1,Top Cleaner,800,Blue
545,1,0,CleanR,800,Blue
545,2,1,CleanR,1000,Red
546,1,1,CleanR,1000,Red
546,2,0,Top Cleaner,800,Blue
547,1,0,Top Cleaner,800,Blue
547,2,1,Top Cleaner,1000,Red
548,1,1,CleanR,800,Blue
548,2,0,Top Cleaner,1000,Blue
549,1,0,CleanR,1000,Red
549,2,1,CleanR,800,Blue
550,1,1,Top Cleaner,1000,Blue
550,2,0,Top Cleaner,800,Blue
551,1,1,Top Cleaner,800,Blue
551,2,0,Top Cleaner,800,Red
552,1,0,Top Cleaner,1000,Red
552,2,1,CleanR,800,Red
553,1,0,Top Cleaner,1000,Red
553,2,1,Top Cleaner,800,Red
554,1,1,CleanR,800,Blue
554,2,0,Top Cleaner,1000,Blue
555,1,1,Top Cleaner,800,Red
555,2,0,Top Cleaner,1000,Red
556,1,1,Top Cleaner,800,Red
556,2,0,Top Cleaner,800,Blue
557,1,0,Top Cleaner,800,Blue
557,2,1,Top Cleaner,800,Blue
558,1,1,Top Cleaner,800,Red
558,2,0,Top Cleaner,800,Blue
559,1,0,Top Cleaner,1000,Blue
559,2,1,Top Cleaner,800,Red
560,1,1,Top Cleaner,1000,Blue
560,2,0,Top Cleaner,1000,Red
561,1,0,Top Cleaner,1000,Red
561,2,1,Top Cleaner,800,Red
562,1,0,CleanR,1000,Blue
562,2,1,Top Cleaner,1000,Red
563,1,0,CleanR,1000,Blue
563,2,1,Top Cleaner,800,Red
564,1,0,Top Cleaner,800,Blue
564,2,1,Top Cleaner,800,Red
565,1,1,Top Cleaner,800,Red
565,2,0,Top Cleaner,800,Blue
566,1,0,Top Cleaner,800,Red
566,2,1,CleanR,800,Blue
567,1,1,Top Cleaner,800,Red
567,2,0,Top Cleaner,1000,Blue
568,1,0,CleanR,1000,Blue
568,2,1,CleanR,800,Red
569,1,0,Top Cleaner,1000,Blue
569,2,1,Top Cleaner,800,Blue
570,1,1,CleanR,800,Blue
570,2,0,CleanR,1000,Blue
571,1,1,Top Cleaner,1000,Red
571,2,0,Top Cleaner,1000,Blue
572,1,0,CleanR,800,Blue
572,2,1,CleanR,800,Blue
573,1,0,Top Cleaner,1000,Blue
573,2,1,CleanR,1000,Blue
574,1,1,Top Cleaner,800,Blue
574,2,0,Top Cleaner,1000,Blue
575,1,1,CleanR,800,Blue
575,2,0,Top Cleaner,800,Red
576,1,1,CleanR,800,Red
576,2,0,CleanR,800,Red
577,1,0,Top Cleaner,1000,Red
577,2,1,CleanR,1000,Red
578,1,0,Top Cleaner,1000,Blue
578,2,1,Top Cleaner,800,Blue
579,1,0,Top Cleaner,1000,Red
579,2,1,CleanR,1000,Blue
580,1,1,Top Cleaner,800,Blue
580,2,0,Top Cleaner,1000,Blue
581,1,1,CleanR,800,Red
581,2,0,Top Cleaner,800,Red
582,1,0,CleanR,1000,Blue
582,2,1,Top Cleaner,800,Blue
583,1,1,CleanR,800,Red
583,2,0,Top Cleaner,800,Blue
584,1,0,Top Cleaner,800,Blue
584,2,1,CleanR,800,Red
585,1,0,CleanR,800,Blue
585,2,1,CleanR,800,Red
586,1,0,Top Cleaner,1000,Red
586,2,1,Top Cleaner,800,Red
587,1,0,Top Cleaner,800,Blue
587,2,1,Top Cleaner,800,Red
588,1,1,Top Cleaner,1000,Blue
588,2,0,Top Cleaner,1000,Blue
589,1,1,CleanR,800,Red
589,2,0,Top Cleaner,800,Blue
590,1,0,Top Cleaner,800,Blue
590,2,1,CleanR,1000,Red
591,1,0,Top Cleaner,800,Blue
591,2,1,Top Cleaner,800,Blue
592,1,1,Top Cleaner,800,Blue
592,2,0,Top Cleaner,800,Blue
593,1,0,CleanR,1000,Blue
593,2,1,CleanR,1000,Red
594,1,0,Top Cleaner,800,Blue
594,2,1,CleanR,800,Blue
595,1,1,Top Cleaner,1000,Red
595,2,0,Top Cleaner,1000,Blue
596,1,1,CleanR,1000,Red
596,2,0,Top Cleaner,1000,Blue
597,1,1,Top Cleaner,1000,Blue
597,2,0,Top Cleaner,1000,Red
598,1,0,Top Cleaner,1000,Blue
598,2,1,Top Cleaner,1000,Blue
599,1,0,CleanR,800,Red
599,2,1,Top Cleaner,800,Red
600,1,0,Top Cleaner,1000,Red
600,2,1,Top Cleaner,800,Blue
601,1,1,Top Cleaner,800,Red
601,2,0,Top Cleaner,1000,Blue
602,1,0,Top Cleaner,1000,Red
602,2,1,CleanR,1000,Blue
603,1,0,Top Cleaner,800,Red
603,2,1,Top Cleaner,800,Blue
604,1,1,Top Cleaner,800,Blue
604,2,0,Top Cleaner,800,Blue
605,1,1,Top Cleaner,800,Red
605,2,0,Top Cleaner,1000,Blue
606,1,1,CleanR,800,Blue
606,2,0,Top Cleaner,800,Red
607,1,0,Top Cleaner,1000,Red
607,2,1,Top Cleaner,1000,Blue
608,1,1,CleanR,800,Red
608,2,0,CleanR,1000,Red
609,1,0,Top Cleaner,1000,Blue
609,2,1,Top Cleaner,800,Red
610,1,1,Top Cleaner,800,Blue
610,2,0,Top Cleaner,1000,Blue
611,1,0,Top Cleaner,1000,Red
611,2,1,CleanR,800,Blue
612,1,0,Top Cleaner,1000,Red
612,2,1,Top Cleaner,800,Blue
613,1,0,Top Cleaner,1000,Blue
613,2,1,CleanR,800,Red
614,1,0,CleanR,1000,Blue
614,2,1,CleanR,1000,Blue
615,1,0,Top Cleaner,1000,Red
615,2,1,CleanR,1000,Red
616,1,1,CleanR,800,Red
616,2,0,CleanR,1000,Blue
617,1,1,CleanR,1000,Blue
617,2,0,Top Cleaner,1000,Blue
618,1,1,CleanR,800,Blue
618,2,0,Top Cleaner,1000,Blue
619,1,1,CleanR,800,Blue
619,2,0,Top Cleaner,800,Blue
620,1,0,Top Cleaner,800,Blue
620,2,1,CleanR,800,Blue
621,1,1,CleanR,800,Blue
621,2,0,Top Cleaner,1000,Blue
622,1,1,CleanR,1000,Blue
622,2,0,Top Cleaner,1000,Blue
623,1,0,CleanR,1000,Blue
623,2,1,CleanR,800,Blue
624,1,0,Top Cleaner,800,Blue
624,2,1,CleanR,800,Blue
625,1,0,Top Cleaner,800,Blue
625,2,1,CleanR,800,Blue
626,1,0,Top Cleaner,800,Red
626,2,1,Top Cleaner,800,Red
627,1,0,Top Cleaner,1000,Blue
627,2,1,Top Cleaner,1000,Blue
628,1,1,CleanR,800,Red
628,2,0,CleanR,1000,Blue
629,1,1,Top Cleaner,1000,Blue
629,2,0,Top Cleaner,1000,Red
630,1,0,Top Cleaner,1000,Red
630,2,1,CleanR,1000,Blue
631,1,1,CleanR,800,Red
631,2,0,Top Cleaner,1000,Blue
632,1,1,CleanR,800,Blue
632,2,0,Top Cleaner,800,Blue
633,1,0,Top Cleaner,1000,Blue
633,2,1,CleanR,1000,Blue
634,1,1,CleanR,800,Blue
634,2,0,Top Cleaner,800,Blue
635,1,0,Top Cleaner,1000,Blue
635,2,1,CleanR,800,Red
636,1,0,Top Cleaner,800,Blue
636,2,1,CleanR,1000,Blue
637,1,1,CleanR,800,Blue
637,2,0,CleanR,800,Blue
638,1,1,CleanR,800,Blue
638,2,0,Top Cleaner,800,Red
639,1,1,CleanR,1000,Red
639,2,0,Top Cleaner,800,Blue
640,1,0,Top Cleaner,1000,Blue
640,2,1,CleanR,800,Red
641,1,1,Top Cleaner,800,Red
641,2,0,Top Cleaner,1000,Blue
642,1,1,CleanR,1000,Red
642,2,0,Top Cleaner,800,Blue
643,1,0,CleanR,1000,Blue
643,2,1,Top Cleaner,800,Red
644,1,1,Top Cleaner,800,Red
644,2,0,Top Cleaner,1000,Blue
645,1,0,Top Cleaner,800,Red
645,2,1,Top Cleaner,800,Blue
646,1,0,Top Cleaner,1000,Red
646,2,1,Top Cleaner,800,Blue
647,1,1,CleanR,1000,Blue
647,2,0,CleanR,800,Red
648,1,0,Top Cleaner,800,Blue
648,2,1,CleanR,800,Blue
649,1,0,Top Cleaner,1000,Blue
649,2,1,Top Cleaner,800,Blue
650,1,0,Top Cleaner,800,Red
650,2,1,CleanR,800,Blue
651,1,1,CleanR,1000,Blue
651,2,0,Top Cleaner,1000,Blue
652,1,1,CleanR,800,Blue
652,2,0,Top Cleaner,1000,Blue
653,1,0,Top Cleaner,1000,Red
653,2,1,CleanR,800,Red
654,1,0,Top Cleaner,1000,Blue
654,2,1,CleanR,800,Red
655,1,1,CleanR,1000,Blue
655,2,0,Top Cleaner,1000,Blue
656,1,1,CleanR,800,Blue
656,2,0,Top Cleaner,1000,Blue
657,1,1,CleanR,800,Blue
657,2,0,CleanR,800,Blue
658,1,0,Top Cleaner,1000,Blue
658,2,1,Top Cleaner,800,Red
659,1,0,Top Cleaner,800,Blue
659,2,1,CleanR,800,Blue
660,1,1,Top Cleaner,800,Blue
660,2,0,Top Cleaner,800,Red
661,1,0,CleanR,1000,Red
661,2,1,CleanR,1000,Blue
662,1,1,CleanR,1000,Red
662,2,0,CleanR,800,Blue
663,1,0,Top Cleaner,800,Blue
663,2,1,Top Cleaner,800,Red
664,1,1,CleanR,1000,Red
664,2,0,Top Cleaner,1000,Red
665,1,1,Top Cleaner,800,Blue
665,2,0,Top Cleaner,1000,Blue
666,1,0,Top Cleaner,1000,Red
666,2,1,Top Cleaner,800,Blue
667,1,1,CleanR,800,Red
667,2,0,Top Cleaner,800,Red
668,1,0,Top Cleaner,1000,Blue
668,2,1,CleanR,1000,Blue
669,1,1,Top Cleaner,800,Red
669,2,0,Top Cleaner,800,Red
670,1,1,Top Cleaner,1000,Red
670,2,0,Top Cleaner,800,Blue
671,1,0,Top Cleaner,800,Blue
671,2,1,Top Cleaner,800,Red
672,1,0,Top Cleaner,1000,Red
672,2,1,Top Cleaner,800,Blue
673,1,0,Top Cleaner,1000,Red
673,2,1,Top Cleaner,800,Blue
674,1,1,Top Cleaner,800,Red
674,2,0,Top Cleaner,1000,Red
675,1,1,Top Cleaner,800,Blue
675,2,0,Top Cleaner,800,Blue
676,1,0,Top Cleaner,1000,Blue
676,2,1,Top Cleaner,800,Blue
677,1,1,CleanR,800,Blue
677,2,0,Top Cleaner,1000,Blue
678,1,0,Top Cleaner,1000,Blue
678,2,1,Top Cleaner,800,Red
679,1,0,Top Cleaner,800,Red
679,2,1,Top Cleaner,800,Blue
680,1,0,Top Cleaner,1000,Red
680,2,1,Top Cleaner,800,Red
681,1,0,CleanR,1000,Blue
681,2,1,Top Cleaner,800,Red
682,1,1,CleanR,1000,Blue
682,2,0,Top Cleaner,1000,Blue
683,1,1,CleanR,1000,Blue
683,2,0,Top Cleaner,800,Blue
684,1,0,CleanR,1000,Red
684,2,1,CleanR,800,Red
685,1,1,CleanR,800,Blue
685,2,0,Top Cleaner,1000,Blue
686,1,0,Top Cleaner,800,Blue
686,2,1,CleanR,800,Red
687,1,0,Top Cleaner,800,Blue
687,2,1,CleanR,800,Blue
688,1,0,Top Cleaner,800,Red
688,2,1,CleanR,800,Red
689,1,0,Top Cleaner,800,Blue
689,2,1,Top Cleaner,1000,Blue
690,1,1,Top Cleaner,800,Red
690,2,0,Top Cleaner,1000,Blue
691,1,1,Top Cleaner,800,Blue
691,2,0,Top Cleaner,800,Blue
692,1,0,Top Cleaner,1000,Red
692,2,1,Top Cleaner,800,Red
693,1,0,Top Cleaner,1000,Blue
693,2,1,Top Cleaner,800,Blue
694,1,1,Top Cleaner,800,Blue
694,2,0,Top Cleaner,1000,Red
695,1,0,Top Cleaner,800,Blue
695,2,1,Top Cleaner,800,Blue
696,1,0,Top Cleaner,1000,Blue
696,2,1,Top Cleaner,1000,Blue
697,1,1,Top Cleaner,800,Blue
697,2,0,Top Cleaner,800,Blue
698,1,0,Top Cleaner,1000,Blue
698,2,1,Top Cleaner,1000,Red
699,1,1,Top Cleaner,800,Red
699,2,0,Top Cleaner,800,Blue
700,1,0,Top Cleaner,1000,Blue
700,2,1,Top Cleaner,800,Red
701,1,1,CleanR,800,Blue
701,2,0,Top Cleaner,800,Red
702,1,0,Top Cleaner,800,Blue
702,2,1,CleanR,800,Blue
703,1,0,Top Cleaner,1000,Blue
703,2,1,CleanR,800,Red
704,1,0,CleanR,1000,Blue
704,2,1,Top Cleaner,800,Blue
705,1,1,Top Cleaner,800,Red
705,2,0,Top Cleaner,1000,Blue
706,1,1,Top Cleaner,800,Red
706,2,0,Top Cleaner,1000,Red
707,1,1,Top Cleaner,800,Red
707,2,0,Top Cleaner,1000,Red
708,1,1,Top Cleaner,800,Blue
708,2,0,Top Cleaner,1000,Blue
709,1,0,Top Cleaner,800,Blue
709,2,1,CleanR,1000,Blue
710,1,0,Top Cleaner,800,Blue
710,2,1,CleanR,800,Blue
711,1,0,Top Cleaner,1000,Red
711,2,1,CleanR,1000,Blue
712,1,1,Top Cleaner,800,Blue
712,2,0,Top Cleaner,1000,Red
713,1,0,Top Cleaner,800,Red
713,2,1,CleanR,800,Blue
714,1,1,CleanR,800,Blue
714,2,0,Top Cleaner,1000,Red
715,1,0,Top Cleaner,1000,Blue
715,2,1,Top Cleaner,1000,Red
716,1,0,Top Cleaner,1000,Red
716,2,1,Top Cleaner,800,Blue
717,1,0,Top Cleaner,1000,Blue
717,2,1,Top Cleaner,800,Blue
718,1,1,Top Cleaner,800,Blue
718,2,0,Top Cleaner,800,Blue
719,1,1,CleanR,1000,Blue
719,2,0,Top Cleaner,800,Blue
720,1,0,Top Cleaner,800,Blue
720,2,1,CleanR,800,Red
721,1,1,Top Cleaner,800,Blue
721,2,0,Top Cleaner,1000,Blue
722,1,1,CleanR,800,Blue
722,2,0,Top Cleaner,800,Blue
723,1,1,CleanR,1000,Blue
723,2,0,CleanR,800,Red
724,1,1,CleanR,1000,Red
724,2,0,Top Cleaner,1000,Red
725,1,0,Top Cleaner,1000,Blue
725,2,1,CleanR,1000,Blue
726,1,0,CleanR,800,Red
726,2,1,CleanR,800,Blue
727,1,0,CleanR,1000,Blue
727,2,1,Top Cleaner,800,Blue
728,1,1,Top Cleaner,1000,Red
728,2,0,Top Cleaner,1000,Blue
729,1,1,CleanR,800,Red
729,2,0,Top Cleaner,800,Blue
730,1,0,Top Cleaner,1000,Red
730,2,1,CleanR,800,Red
731,1,0,Top Cleaner,800,Blue
731,2,1,Top Cleaner,800,Red
732,1,0,CleanR,800,Blue
732,2,1,CleanR,800,Red
733,1,0,Top Cleaner,1000,Blue
733,2,1,CleanR,800,Blue
734,1,1,CleanR,800,Blue
734,2,0,Top Cleaner,800,Blue
735,1,1,Top Cleaner,800,Blue
735,2,0,Top Cleaner,1000,Blue
736,1,1,Top Cleaner,800,Red
736,2,0,Top Cleaner,800,Red
737,1,1,CleanR,1000,Red
737,2,0,CleanR,1000,Blue
738,1,1,CleanR,800,Blue
738,2,0,CleanR,800,Blue
739,1,1,Top Cleaner,800,Blue
739,2,0,Top Cleaner,1000,Blue
740,1,1,Top Cleaner,800,Red
740,2,0,CleanR,1000,Blue
741,1,0,CleanR,1000,Blue
741,2,1,Top Cleaner,800,Blue
742,1,0,Top Cleaner,1000,Blue
742,2,1,Top Cleaner,1000,Red
743,1,0,Top Cleaner,1000,Blue
743,2,1,Top Cleaner,800,Red
744,1,1,Top Cleaner,800,Blue
744,2,0,Top Cleaner,800,Blue
745,1,0,Top Cleaner,1000,Red
745,2,1,Top Cleaner,1000,Blue
746,1,0,Top Cleaner,1000,Blue
746,2,1,Top Cleaner,1000,Blue
747,1,1,CleanR,1000,Red
747,2,0,CleanR,1000,Blue
748,1,1,Top Cleaner,800,Red
748,2,0,Top Cleaner,800,Blue
749,1,0,Top Cleaner,800,Blue
749,2,1,Top Cleaner,800,Blue
750,1,0,CleanR,800,Red
750,2,1,CleanR,1000,Red
751,1,1,Top Cleaner,800,Red
751,2,0,Top Cleaner,800,Blue
752,1,0,Top Cleaner,800,Red
752,2,1,CleanR,800,Blue
753,1,0,Top Cleaner,1000,Blue
753,2,1,CleanR,800,Red
754,1,1,Top Cleaner,800,Blue
754,2,0,CleanR,1000,Blue
755,1,0,Top Cleaner,1000,Red
755,2,1,CleanR,800,Red
756,1,1,Top Cleaner,800,Blue
756,2,0,Top Cleaner,1000,Blue
757,1,0,Top Cleaner,800,Blue
757,2,1,CleanR,1000,Red
758,1,1,CleanR,1000,Blue
758,2,0,Top Cleaner,800,Blue
759,1,0,Top Cleaner,1000,Blue
759,2,1,Top Cleaner,800,Blue
760,1,1,Top Cleaner,1000,Red
760,2,0,Top Cleaner,1000,Blue
761,1,0,Top Cleaner,800,Blue
761,2,1,Top Cleaner,800,Red
762,1,1,Top Cleaner,1000,Blue
762,2,0,Top Cleaner,1000,Blue
763,1,1,Top Cleaner,800,Blue
763,2,0,Top Cleaner,800,Blue
764,1,0,Top Cleaner,800,Red
764,2,1,CleanR,1000,Red
765,1,1,Top Cleaner,1000,Red
765,2,0,Top Cleaner,1000,Blue
766,1,1,Top Cleaner,800,Blue
766,2,0,Top Cleaner,1000,Red
767,1,1,Top Cleaner,1000,Red
767,2,0,CleanR,1000,Blue
768,1,0,Top Cleaner,1000,Red
768,2,1,CleanR,800,Red
769,1,0,Top Cleaner,1000,Red
769,2,1,Top Cleaner,800,Blue
770,1,0,Top Cleaner,800,Blue
770,2,1,Top Cleaner,1000,Red
771,1,1,CleanR,800,Red
771,2,0,Top Cleaner,800,Blue
772,1,1,CleanR,800,Red
772,2,0,Top Cleaner,1000,Blue
773,1,0,Top Cleaner,1000,Blue
773,2,1,CleanR,800,Blue
774,1,0,CleanR,1000,Blue
774,2,1,CleanR,1000,Red
775,1,1,Top Cleaner,800,Blue
775,2,0,Top Cleaner,800,Red
776,1,0,Top Cleaner,1000,Red
776,2,1,Top Cleaner,800,Red
777,1,0,Top Cleaner,1000,Blue
777,2,1,Top Cleaner,800,Blue
778,1,0,Top Cleaner,800,Blue
778,2,1,Top Cleaner,800,Red
779,1,0,Top Cleaner,1000,Blue
779,2,1,Top Cleaner,1000,Blue
780,1,0,CleanR,1000,Red
780,2,1,CleanR,800,Blue
781,1,0,Top Cleaner,1000,Blue
781,2,1,Top Cleaner,1000,Red
782,1,1,CleanR,1000,Red
782,2,0,Top Cleaner,1000,Blue
783,1,1,Top Cleaner,1000,Blue
783,2,0,Top Cleaner,1000,Red
784,1,1,Top Cleaner,1000,Blue
784,2,0,Top Cleaner,1000,Blue
785,1,1,CleanR,800,Red
785,2,0,CleanR,800,Red
786,1,0,Top Cleaner,1000,Blue
786,2,1,Top Cleaner,1000,Red
787,1,0,Top Cleaner,800,Red
787,2,1,CleanR,800,Red
788,1,0,Top Cleaner,1000,Blue
788,2,1,CleanR,1000,Blue
789,1,1,Top Cleaner,800,Red
789,2,0,Top Cleaner,800,Blue
790,1,1,CleanR,800,Red
790,2,0,Top Cleaner,1000,Red
791,1,1,CleanR,1000,Blue
791,2,0,Top Cleaner,1000,Blue
792,1,1,Top Cleaner,1000,Red
792,2,0,Top Cleaner,800,Blue
793,1,0,Top Cleaner,1000,Red
793,2,1,CleanR,800,Blue
794,1,1,Top Cleaner,800,Blue
794,2,0,Top Cleaner,1000,Blue
795,1,1,CleanR,800,Blue
795,2,0,CleanR,1000,Blue
796,1,1,Top Cleaner,1000,Blue
796,2,0,Top Cleaner,1000,Blue
797,1,0,Top Cleaner,1000,Blue
797,2,1,CleanR,800,Red
798,1,1,Top Cleaner,1000,Red
798,2,0,Top Cleaner,1000,Red
799,1,0,Top Cleaner,800,Blue
799,2,1,CleanR,800,Blue
800,1,1,Top Cleaner,800,Blue
800,2,0,Top Cleaner,800,Blue
801,1,1,Top Cleaner,1000,Blue
801,2,0,Top Cleaner,1000,Blue
802,1,0,Top Cleaner,800,Blue
802,2,1,Top Cleaner,800,Blue
803,1,0,Top Cleaner,800,Blue
803,2,1,Top Cleaner,800,Blue
804,1,0,Top Cleaner,800,Red
804,2,1,Top Cleaner,1000,Blue
805,1,0,Top Cleaner,1000,Red
805,2,1,Top Cleaner,1000,Blue
806,1,1,CleanR,800,Red
806,2,0,Top Cleaner,800,Blue
807,1,1,Top Cleaner,800,Blue
807,2,0,Top Cleaner,1000,Red
808,1,0,Top Cleaner,1000,Blue
808,2,1,Top Cleaner,800,Blue
809,1,0,CleanR,1000,Red
809,2,1,CleanR,800,Blue
810,1,1,Top Cleaner,800,Blue
810,2,0,Top Cleaner,1000,Blue
811,1,1,Top Cleaner,800,Blue
811,2,0,Top Cleaner,1000,Blue
812,1,1,Top Cleaner,1000,Red
812,2,0,Top Cleaner,1000,Blue
813,1,0,Top Cleaner,800,Blue
813,2,1,Top Cleaner,800,Blue
814,1,1,CleanR,800,Blue
814,2,0,Top Cleaner,800,Red
815,1,1,CleanR,800,Blue
815,2,0,Top Cleaner,1000,Blue
816,1,0,Top Cleaner,800,Red
816,2,1,CleanR,800,Red
817,1,1,Top Cleaner,800,Blue
817,2,0,Top Cleaner,1000,Blue
818,1,1,Top Cleaner,800,Red
818,2,0,CleanR,1000,Blue
819,1,1,Top Cleaner,800,Red
819,2,0,Top Cleaner,800,Blue
820,1,0,Top Cleaner,800,Blue
820,2,1,Top Cleaner,800,Blue
821,1,0,Top Cleaner,800,Blue
821,2,1,Top Cleaner,1000,Blue
822,1,1,Top Cleaner,800,Red
822,2,0,Top Cleaner,1000,Blue
823,1,0,Top Cleaner,800,Red
823,2,1,Top Cleaner,800,Red
824,1,0,CleanR,800,Blue
824,2,1,CleanR,800,Red
825,1,1,CleanR,800,Blue
825,2,0,Top Cleaner,800,Blue
826,1,0,Top Cleaner,1000,Red
826,2,1,Top Cleaner,800,Red
827,1,0,Top Cleaner,800,Red
827,2,1,CleanR,800,Red
828,1,1,Top Cleaner,800,Red
828,2,0,Top Cleaner,800,Blue
829,1,1,Top Cleaner,1000,Red
829,2,0,Top Cleaner,1000,Red
830,1,1,CleanR,1000,Blue
830,2,0,Top Cleaner,1000,Red
831,1,1,Top Cleaner,800,Blue
831,2,0,Top Cleaner,800,Blue
832,1,1,CleanR,1000,Blue
832,2,0,Top Cleaner,800,Blue
833,1,0,Top Cleaner,1000,Blue
833,2,1,Top Cleaner,800,Red
834,1,1,CleanR,1000,Blue
834,2,0,Top Cleaner,800,Blue
835,1,0,Top Cleaner,1000,Blue
835,2,1,Top Cleaner,800,Blue
836,1,1,Top Cleaner,800,Blue
836,2,0,Top Cleaner,1000,Blue
837,1,0,CleanR,1000,Red
837,2,1,Top Cleaner,800,Blue
838,1,0,Top Cleaner,1000,Blue
838,2,1,CleanR,1000,Blue
839,1,1,Top Cleaner,800,Blue
839,2,0,Top Cleaner,1000,Red
840,1,0,Top Cleaner,800,Blue
840,2,1,CleanR,800,Blue
841,1,1,CleanR,1000,Red
841,2,0,Top Cleaner,1000,Red
842,1,1,CleanR,1000,Blue
842,2,0,Top Cleaner,1000,Blue
843,1,1,Top Cleaner,800,Red
843,2,0,Top Cleaner,800,Blue
844,1,1,Top Cleaner,800,Blue
844,2,0,Top Cleaner,1000,Blue
845,1,1,Top Cleaner,1000,Red
845,2,0,Top Cleaner,1000,Blue
846,1,0,Top Cleaner,1000,Blue
846,2,1,Top Cleaner,1000,Blue
847,1,1,CleanR,1000,Red
847,2,0,Top Cleaner,1000,Red
848,1,0,Top Cleaner,800,Red
848,2,1,Top Cleaner,800,Blue
849,1,0,Top Cleaner,800,Red
849,2,1,CleanR,800,Red
850,1,1,Top Cleaner,800,Blue
850,2,0,Top Cleaner,1000,Blue
851,1,0,Top Cleaner,800,Red
851,2,1,Top Cleaner,800,Red
852,1,0,CleanR,1000,Red
852,2,1,CleanR,800,Blue
853,1,1,CleanR,1000,Red
853,2,0,Top Cleaner,800,Red
854,1,1,CleanR,800,Red
854,2,0,Top Cleaner,800,Red
855,1,1,Top Cleaner,800,Red
855,2,0,Top Cleaner,1000,Blue
856,1,0,Top Cleaner,800,Blue
856,2,1,Top Cleaner,800,Red
857,1,1,CleanR,1000,Red
857,2,0,Top Cleaner,800,Blue
858,1,0,Top Cleaner,1000,Blue
858,2,1,Top Cleaner,800,Blue
859,1,0,Top Cleaner,1000,Red
859,2,1,CleanR,800,Red
860,1,1,CleanR,800,Blue
860,2,0,Top Cleaner,1000,Red
861,1,1,Top Cleaner,1000,Blue
861,2,0,Top Cleaner,1000,Red
862,1,0,Top Cleaner,800,Blue
862,2,1,CleanR,800,Blue
863,1,1,Top Cleaner,800,Red
863,2,0,CleanR,1000,Blue
864,1,1,Top Cleaner,800,Red
864,2,0,Top Cleaner,1000,Blue
865,1,1,Top Cleaner,1000,Blue
865,2,0,Top Cleaner,1000,Blue
866,1,0,Top Cleaner,1000,Red
866,2,1,CleanR,800,Blue
867,1,1,Top Cleaner,800,Red
867,2,0,Top Cleaner,800,Blue
868,1,1,Top Cleaner,800,Blue
868,2,0,Top Cleaner,1000,Red
869,1,1,Top Cleaner,1000,Blue
869,2,0,Top Cleaner,1000,Blue
870,1,0,Top Cleaner,800,Blue
870,2,1,Top Cleaner,800,Red
871,1,0,Top Cleaner,800,Blue
871,2,1,CleanR,800,Blue
872,1,0,Top Cleaner,800,Blue
872,2,1,Top Cleaner,800,Red
873,1,0,CleanR,1000,Blue
873,2,1,CleanR,800,Blue
874,1,0,Top Cleaner,1000,Red
874,2,1,Top Cleaner,1000,Red
875,1,1,CleanR,800,Blue
875,2,0,Top Cleaner,800,Blue
876,1,1,Top Cleaner,800,Red
876,2,0,Top Cleaner,1000,Blue
877,1,1,Top Cleaner,800,Red
877,2,0,Top Cleaner,1000,Blue
878,1,1,Top Cleaner,1000,Blue
878,2,0,Top Cleaner,800,Red
879,1,1,CleanR,800,Blue
879,2,0,Top Cleaner,1000,Red
880,1,0,Top Cleaner,800,Blue
880,2,1,Top Cleaner,800,Blue
881,1,0,Top Cleaner,1000,Red
881,2,1,Top Cleaner,1000,Blue
882,1,0,CleanR,1000,Red
882,2,1,Top Cleaner,800,Red
883,1,0,Top Cleaner,800,Blue
883,2,1,CleanR,1000,Red
884,1,0,Top Cleaner,1000,Red
884,2,1,Top Cleaner,800,Red
885,1,0,CleanR,800,Blue
885,2,1,Top Cleaner,800,Blue
886,1,0,CleanR,1000,Red
886,2,1,Top Cleaner,800,Blue
887,1,1,Top Cleaner,800,Red
887,2,0,Top Cleaner,1000,Blue
888,1,0,Top Cleaner,1000,Blue
888,2,1,Top Cleaner,800,Blue
889,1,0,Top Cleaner,800,Blue
889,2,1,CleanR,1000,Blue
890,1,0,Top Cleaner,800,Blue
890,2,1,CleanR,1000,Blue
891,1,0,Top Cleaner,1000,Blue
891,2,1,CleanR,1000,Red
892,1,0,CleanR,1000,Red
892,2,1,Top Cleaner,800,Blue
893,1,0,Top Cleaner,1000,Red
893,2,1,Top Cleaner,800,Blue
894,1,0,Top Cleaner,800,Blue
894,2,1,Top Cleaner,800,Red
895,1,1,CleanR,800,Blue
895,2,0,Top Cleaner,1000,Blue
896,1,1,CleanR,800,Red
896,2,0,Top Cleaner,1000,Blue
897,1,0,Top Cleaner,800,Blue
897,2,1,Top Cleaner,800,Blue
898,1,0,Top Cleaner,1000,Blue
898,2,1,Top Cleaner,1000,Red
899,1,1,Top Cleaner,800,Blue
899,2,0,Top Cleaner,800,Blue
900,1,1,CleanR,1000,Blue
900,2,0,Top Cleaner,1000,Red
901,1,0,CleanR,1000,Blue
901,2,1,Top Cleaner,800,Red
902,1,0,Top Cleaner,800,Blue
902,2,1,CleanR,1000,Blue
903,1,0,CleanR,800,Blue
903,2,1,CleanR,800,Red
904,1,0,Top Cleaner,1000,Red
904,2,1,CleanR,800,Blue
905,1,0,Top Cleaner,800,Blue
905,2,1,Top Cleaner,800,Red
906,1,1,Top Cleaner,800,Blue
906,2,0,Top Cleaner,1000,Red
907,1,1,CleanR,800,Blue
907,2,0,Top Cleaner,800,Red
908,1,1,CleanR,800,Red
908,2,0,CleanR,1000,Blue
909,1,1,CleanR,800,Blue
909,2,0,Top Cleaner,1000,Blue
910,1,1,Top Cleaner,800,Blue
910,2,0,Top Cleaner,1000,Blue
911,1,1,Top Cleaner,800,Red
911,2,0,Top Cleaner,1000,Red
912,1,0,Top Cleaner,800,Blue
912,2,1,CleanR,800,Red
913,1,0,CleanR,1000,Blue
913,2,1,CleanR,800,Red
914,1,0,Top Cleaner,1000,Red
914,2,1,Top Cleaner,800,Red
915,1,0,Top Cleaner,1000,Blue
915,2,1,Top Cleaner,800,Red
916,1,0,CleanR,1000,Blue
916,2,1,Top Cleaner,800,Red
917,1,1,Top Cleaner,800,Blue
917,2,0,Top Cleaner,1000,Red
918,1,1,Top Cleaner,800,Blue
918,2,0,Top Cleaner,1000,Blue
919,1,1,Top Cleaner,800,Blue
919,2,0,Top Cleaner,1000,Red
920,1,1,Top Cleaner,1000,Red
920,2,0,Top Cleaner,1000,Red
921,1,1,CleanR,800,Red
921,2,0,Top Cleaner,800,Red
922,1,0,Top Cleaner,1000,Blue
922,2,1,Top Cleaner,800,Red
923,1,1,Top Cleaner,800,Red
923,2,0,Top Cleaner,800,Red
924,1,1,CleanR,1000,Red
924,2,0,Top Cleaner,1000,Blue
925,1,0,Top Cleaner,1000,Blue
925,2,1,Top Cleaner,800,Blue
926,1,1,Top Cleaner,1000,Red
926,2,0,CleanR,1000,Blue
927,1,0,Top Cleaner,1000,Blue
927,2,1,Top Cleaner,800,Red
928,1,1,Top Cleaner,800,Blue
928,2,0,Top Cleaner,800,Blue
929,1,1,Top Cleaner,800,Blue
929,2,0,Top Cleaner,1000,Red
930,1,1,CleanR,800,Red
930,2,0,CleanR,800,Blue
931,1,1,CleanR,800,Red
931,2,0,Top Cleaner,1000,Red
932,1,1,Top Cleaner,800,Red
932,2,0,Top Cleaner,800,Blue
933,1,1,CleanR,800,Blue
933,2,0,CleanR,1000,Blue
934,1,0,Top Cleaner,1000,Blue
934,2,1,CleanR,1000,Blue
935,1,1,CleanR,800,Red
935,2,0,CleanR,800,Blue
936,1,0,Top Cleaner,1000,Blue
936,2,1,Top Cleaner,800,Blue
937,1,1,Top Cleaner,800,Red
937,2,0,CleanR,1000,Blue
938,1,1,CleanR,1000,Red
938,2,0,Top Cleaner,1000,Blue
939,1,1,CleanR,800,Blue
939,2,0,Top Cleaner,1000,Red
940,1,1,Top Cleaner,1000,Blue
940,2,0,Top Cleaner,800,Blue
941,1,1,CleanR,800,Red
941,2,0,Top Cleaner,800,Blue
942,1,0,Top Cleaner,800,Blue
942,2,1,Top Cleaner,800,Red
943,1,0,Top Cleaner,800,Blue
943,2,1,Top Cleaner,800,Red
944,1,0,Top Cleaner,1000,Red
944,2,1,Top Cleaner,800,Blue
945,1,0,Top Cleaner,1000,Blue
945,2,1,CleanR,1000,Blue
946,1,0,Top Cleaner,800,Blue
946,2,1,Top Cleaner,800,Red
947,1,0,Top Cleaner,800,Blue
947,2,1,Top Cleaner,800,Blue
948,1,1,Top Cleaner,1000,Red
948,2,0,Top Cleaner,1000,Red
949,1,0,Top Cleaner,800,Blue
949,2,1,Top Cleaner,800,Red
950,1,0,Top Cleaner,800,Blue
950,2,1,CleanR,1000,Blue
951,1,0,Top Cleaner,800,Blue
951,2,1,Top Cleaner,800,Blue
952,1,0,Top Cleaner,800,Red
952,2,1,Top Cleaner,800,Red
953,1,1,CleanR,1000,Red
953,2,0,Top Cleaner,800,Blue
954,1,0,Top Cleaner,1000,Red
954,2,1,Top Cleaner,800,Blue
955,1,1,Top Cleaner,800,Blue
955,2,0,Top Cleaner,1000,Red
956,1,1,CleanR,800,Blue
956,2,0,Top Cleaner,800,Blue
957,1,0,Top Cleaner,800,Blue
957,2,1,Top Cleaner,800,Red
958,1,0,Top Cleaner,1000,Blue
958,2,1,Top Cleaner,1000,Blue
959,1,0,Top Cleaner,1000,Red
959,2,1,CleanR,800,Blue
960,1,0,Top Cleaner,1000,Red
960,2,1,Top Cleaner,1000,Red
961,1,0,Top Cleaner,800,Red
961,2,1,CleanR,800,Blue
962,1,1,Top Cleaner,1000,Red
962,2,0,CleanR,1000,Blue
963,1,1,Top Cleaner,1000,Red
963,2,0,Top Cleaner,800,Blue
964,1,0,Top Cleaner,1000,Blue
964,2,1,Top Cleaner,800,Blue
965,1,1,CleanR,800,Red
965,2,0,Top Cleaner,800,Blue
966,1,1,Top Cleaner,800,Red
966,2,0,Top Cleaner,800,Blue
967,1,1,Top Cleaner,800,Blue
967,2,0,Top Cleaner,800,Red
968,1,0,Top Cleaner,1000,Blue
968,2,1,Top Cleaner,800,Red
969,1,1,CleanR,1000,Blue
969,2,0,Top Cleaner,800,Red
970,1,1,Top Cleaner,800,Blue
970,2,0,Top Cleaner,1000,Blue
971,1,0,CleanR,1000,Blue
971,2,1,CleanR,1000,Red
972,1,0,Top Cleaner,1000,Blue
972,2,1,Top Cleaner,800,Blue
973,1,0,CleanR,1000,Blue
973,2,1,CleanR,800,Blue
974,1,0,Top Cleaner,1000,Red
974,2,1,CleanR,800,Red
975,1,0,Top Cleaner,1000,Blue
975,2,1,Top Cleaner,800,Blue
976,1,0,Top Cleaner,1000,Red
976,2,1,CleanR,800,Blue
977,1,1,CleanR,800,Red
977,2,0,Top Cleaner,800,Red
978,1,0,Top Cleaner,800,Blue
978,2,1,CleanR,800,Blue
979,1,0,Top Cleaner,800,Blue
979,2,1,Top Cleaner,1000,Blue
980,1,1,Top Cleaner,800,Blue
980,2,0,Top Cleaner,800,Blue
981,1,0,Top Cleaner,1000,Blue
981,2,1,CleanR,800,Red
982,1,1,CleanR,800,Red
982,2,0,Top Cleaner,800,Red
983,1,1,CleanR,800,Red
983,2,0,Top Cleaner,800,Red
984,1,1,Top Cleaner,1000,Blue
984,2,0,Top Cleaner,800,Blue
985,1,1,CleanR,800,Red
985,2,0,Top Cleaner,800,Blue
986,1,0,CleanR,800,Blue
986,2,1,Top Cleaner,1000,Red
987,1,0,Top Cleaner,1000,Blue
987,2,1,CleanR,1000,Red
988,1,0,Top Cleaner,1000,Blue
988,2,1,Top Cleaner,800,Blue
989,1,0,Top Cleaner,1000,Blue
989,2,1,Top Cleaner,800,Blue
990,1,0,Top Cleaner,1000,Blue
990,2,1,Top Cleaner,800,Blue
991,1,0,Top Cleaner,800,Blue
991,2,1,CleanR,800,Blue
992,1,0,Top Cleaner,1000,Red
992,2,1,Top Cleaner,800,Blue
993,1,0,Top Cleaner,800,Blue
993,2,1,CleanR,800,Red
994,1,0,Top Cleaner,800,Blue
994,2,1,Top Cleaner,800,Blue
995,1,1,Top Cleaner,800,Red
995,2,0,Top Cleaner,1000,Blue
996,1,1,CleanR,800,Blue
996,2,0,Top Cleaner,1000,Red
997,1,0,Top Cleaner,1000,Blue
997,2,1,CleanR,1000,Blue
998,1,1,Top Cleaner,800,Red
998,2,0,Top Cleaner,800,Blue
999,1,1,CleanR,800,Blue
999,2,0,CleanR,800,Blue
1000,1,1,Top Cleaner,1000,Red
1000,2,0,Top Cleaner,800,Blue
1001,1,0,Top Cleaner,1000,Red
1001,2,1,Top Cleaner,1000,Red
1002,1,0,Top Cleaner,800,Red
1002,2,1,CleanR,800,Blue
1003,1,0,Top Cleaner,800,Blue
1003,2,1,CleanR,800,Blue
1004,1,1,CleanR,1000,Blue
1004,2,0,Top Cleaner,800,Red
1005,1,1,CleanR,800,Red
1005,2,0,Top Cleaner,1000,Red
1006,1,1,Top Cleaner,1000,Blue
1006,2,0,Top Cleaner,1000,Blue
1007,1,0,CleanR,800,Blue
1007,2,1,Top Cleaner,800,Red
1008,1,0,Top Cleaner,800,Blue
1008,2,1,Top Cleaner,1000,Blue
1009,1,0,Top Cleaner,800,Red
1009,2,1,CleanR,800,Blue
1010,1,1,Top Cleaner,800,Blue
1010,2,0,Top Cleaner,1000,Blue
1011,1,1,Top Cleaner,1000,Red
1011,2,0,Top Cleaner,1000,Red
1012,1,0,Top Cleaner,800,Blue
1012,2,1,CleanR,800,Blue
1013,1,1,Top Cleaner,800,Red
1013,2,0,Top Cleaner,1000,Red
1014,1,1,Top Cleaner,800,Red
1014,2,0,CleanR,1000,Blue
1015,1,0,Top Cleaner,800,Blue
1015,2,1,CleanR,800,Blue
1016,1,1,CleanR,1000,Red
1016,2,0,CleanR,1000,Blue
1017,1,0,Top Cleaner,1000,Red
1017,2,1,Top Cleaner,800,Red
1018,1,0,Top Cleaner,800,Blue
1018,2,1,Top Cleaner,800,Red
1019,1,0,Top Cleaner,800,Blue
1019,2,1,CleanR,1000,Red
1020,1,0,Top Cleaner,800,Blue
1020,2,1,Top Cleaner,800,Red
1021,1,0,Top Cleaner,1000,Red
1021,2,1,CleanR,800,Red
1022,1,1,CleanR,800,Red
1022,2,0,CleanR,1000,Blue
1023,1,0,Top Cleaner,800,Blue
1023,2,1,CleanR,800,Red
1024,1,0,Top Cleaner,1000,Blue
1024,2,1,Top Cleaner,800,Blue
1025,1,0,CleanR,1000,Red
1025,2,1,Top Cleaner,800,Blue
1026,1,0,Top Cleaner,1000,Blue
1026,2,1,Top Cleaner,1000,Blue
1027,1,1,Top Cleaner,800,Blue
1027,2,0,Top Cleaner,1000,Red
1028,1,0,Top Cleaner,800,Blue
1028,2,1,CleanR,800,Blue
1029,1,0,Top Cleaner,800,Red
1029,2,1,Top Cleaner,800,Blue
1030,1,0,Top Cleaner,1000,Red
1030,2,1,CleanR,1000,Blue
1031,1,1,Top Cleaner,1000,Blue
1031,2,0,Top Cleaner,800,Blue
1032,1,1,Top Cleaner,800,Red
1032,2,0,Top Cleaner,1000,Red
1033,1,1,Top Cleaner,1000,Red
1033,2,0,Top Cleaner,1000,Red
1034,1,1,Top Cleaner,800,Blue
1034,2,0,Top Cleaner,1000,Blue
1035,1,1,Top Cleaner,800,Blue
1035,2,0,Top Cleaner,1000,Blue
1036,1,0,Top Cleaner,800,Blue
1036,2,1,CleanR,1000,Blue
1037,1,0,Top Cleaner,800,Red
1037,2,1,CleanR,1000,Red
1038,1,1,Top Cleaner,800,Red
1038,2,0,Top Cleaner,800,Red
1039,1,1,Top Cleaner,1000,Blue
1039,2,0,CleanR,1000,Blue
1040,1,1,Top Cleaner,800,Red
1040,2,0,CleanR,1000,Blue
1041,1,1,CleanR,1000,Red
1041,2,0,CleanR,800,Blue
1042,1,1,CleanR,800,Blue
1042,2,0,Top Cleaner,1000,Blue
1043,1,0,Top Cleaner,1000,Blue
1043,2,1,CleanR,1000,Red
1044,1,0,Top Cleaner,1000,Blue
1044,2,1,CleanR,1000,Blue
1045,1,0,Top Cleaner,1000,Red
1045,2,1,Top Cleaner,800,Red
1046,1,0,Top Cleaner,1000,Blue
1046,2,1,CleanR,1000,Red
1047,1,0,Top Cleaner,1000,Blue
1047,2,1,CleanR,800,Red
1048,1,1,Top Cleaner,800,Blue
1048,2,0,Top Cleaner,800,Blue
1049,1,1,CleanR,1000,Red
1049,2,0,Top Cleaner,1000,Blue
1050,1,0,CleanR,1000,Blue
1050,2,1,CleanR,1000,Blue
1051,1,1,CleanR,800,Red
1051,2,0,Top Cleaner,800,Red
1052,1,1,CleanR,800,Blue
1052,2,0,Top Cleaner,1000,Red
1053,1,1,CleanR,1000,Red
1053,2,0,CleanR,1000,Red
1054,1,0,Top Cleaner,800,Blue
1054,2,1,CleanR,1000,Blue
1055,1,1,Top Cleaner,800,Red
1055,2,0,Top Cleaner,800,Red
1056,1,1,Top Cleaner,800,Red
1056,2,0,Top Cleaner,800,Blue
1057,1,1,Top Cleaner,800,Blue
1057,2,0,Top Cleaner,800,Blue
1058,1,0,Top Cleaner,1000,Blue
1058,2,1,CleanR,800,Red
1059,1,0,Top Cleaner,1000,Red
1059,2,1,Top Cleaner,800,Red
1060,1,1,CleanR,1000,Red
1060,2,0,Top Cleaner,800,Blue
1061,1,1,CleanR,800,Blue
1061,2,0,Top Cleaner,1000,Blue
1062,1,0,Top Cleaner,800,Red
1062,2,1,CleanR,800,Blue
1063,1,0,Top Cleaner,1000,Blue
1063,2,1,Top Cleaner,800,Blue
1064,1,1,Top Cleaner,800,Red
1064,2,0,Top Cleaner,1000,Blue
1065,1,1,Top Cleaner,800,Blue
1065,2,0,Top Cleaner,800,Blue
1066,1,1,CleanR,1000,Blue
1066,2,0,CleanR,800,Blue
1067,1,0,Top Cleaner,800,Blue
1067,2,1,Top Cleaner,800,Blue
1068,1,1,Top Cleaner,800,Red
1068,2,0,Top Cleaner,1000,Red
1069,1,1,CleanR,800,Blue
1069,2,0,Top Cleaner,1000,Red
1070,1,1,Top Cleaner,800,Blue
1070,2,0,Top Cleaner,1000,Red
1071,1,1,CleanR,800,Blue
1071,2,0,Top Cleaner,1000,Blue
1072,1,1,CleanR,800,Red
1072,2,0,Top Cleaner,1000,Red
1073,1,1,CleanR,800,Red
1073,2,0,Top Cleaner,800,Red
1074,1,0,CleanR,800,Blue
1074,2,1,CleanR,800,Red
1075,1,1,Top Cleaner,1000,Red
1075,2,0,Top Cleaner,1000,Red
1076,1,1,Top Cleaner,800,Blue
1076,2,0,Top Cleaner,800,Blue
1077,1,0,Top Cleaner,800,Red
1077,2,1,CleanR,800,Blue
1078,1,1,Top Cleaner,800,Red
1078,2,0,CleanR,1000,Red
1079,1,0,Top Cleaner,800,Red
1079,2,1,CleanR,800,Red
1080,1,0,Top Cleaner,1000,Blue
1080,2,1,Top Cleaner,800,Blue
1081,1,0,Top Cleaner,800,Blue
1081,2,1,Top Cleaner,800,Red
1082,1,1,Top Cleaner,800,Blue
1082,2,0,Top Cleaner,800,Blue
1083,1,0,Top Cleaner,800,Blue
1083,2,1,CleanR,1000,Blue
1084,1,0,Top Cleaner,800,Red
1084,2,1,Top Cleaner,800,Red
1085,1,1,CleanR,800,Red
1085,2,0,Top Cleaner,800,Red
1086,1,1,Top Cleaner,800,Red
1086,2,0,Top Cleaner,800,Blue
1087,1,1,Top Cleaner,1000,Red
1087,2,0,Top Cleaner,800,Blue
1088,1,1,Top Cleaner,800,Red
1088,2,0,Top Cleaner,1000,Blue
1089,1,1,CleanR,800,Blue
1089,2,0,Top Cleaner,800,Blue
1090,1,1,Top Cleaner,1000,Blue
1090,2,0,Top Cleaner,1000,Blue
1091,1,1,CleanR,1000,Red
1091,2,0,Top Cleaner,800,Blue
1092,1,1,Top Cleaner,800,Blue
1092,2,0,Top Cleaner,1000,Blue
1093,1,1,Top Cleaner,800,Blue
1093,2,0,CleanR,1000,Blue
1094,1,0,Top Cleaner,800,Blue
1094,2,1,Top Cleaner,800,Red
1095,1,1,CleanR,800,Blue
1095,2,0,CleanR,1000,Blue
1096,1,1,CleanR,1000,Red
1096,2,0,Top Cleaner,800,Blue
1097,1,1,CleanR,1000,Red
1097,2,0,Top Cleaner,1000,Blue
1098,1,0,Top Cleaner,1000,Red
1098,2,1,CleanR,1000,Red
1099,1,0,Top Cleaner,1000,Blue
1099,2,1,Top Cleaner,800,Blue
1100,1,0,Top Cleaner,800,Blue
1100,2,1,Top Cleaner,800,Red
1101,1,1,CleanR,1000,Blue
1101,2,0,Top Cleaner,1000,Blue
1102,1,1,CleanR,1000,Red
1102,2,0,CleanR,800,Blue
1103,1,0,Top Cleaner,1000,Red
1103,2,1,CleanR,1000,Red
1104,1,1,CleanR,1000,Red
1104,2,0,Top Cleaner,1000,Blue
1105,1,1,CleanR,800,Blue
1105,2,0,CleanR,1000,Blue
1106,1,1,Top Cleaner,800,Red
1106,2,0,Top Cleaner,1000,Blue
1107,1,1,Top Cleaner,1000,Blue
1107,2,0,Top Cleaner,1000,Blue
1108,1,1,CleanR,800,Blue
1108,2,0,Top Cleaner,1000,Red
1109,1,0,CleanR,800,Blue
1109,2,1,CleanR,800,Red
1110,1,0,Top Cleaner,1000,Blue
1110,2,1,CleanR,1000,Blue
1111,1,0,Top Cleaner,800,Blue
1111,2,1,Top Cleaner,800,Red
1112,1,1,CleanR,800,Blue
1112,2,0,Top Cleaner,800,Red
1113,1,0,Top Cleaner,800,Blue
1113,2,1,CleanR,800,Blue
1114,1,1,Top Cleaner,800,Red
1114,2,0,Top Cleaner,1000,Blue
1115,1,0,Top Cleaner,1000,Blue
1115,2,1,Top Cleaner,800,Blue
1116,1,0,Top Cleaner,1000,Blue
1116,2,1,Top Cleaner,800,Blue
1117,1,0,Top Cleaner,800,Blue
1117,2,1,CleanR,800,Red
1118,1,1,CleanR,1000,Blue
1118,2,0,CleanR,1000,Blue
1119,1,0,Top Cleaner,1000,Blue
1119,2,1,Top Cleaner,1000,Red
1120,1,0,Top Cleaner,800,Red
1120,2,1,Top Cleaner,800,Blue
1121,1,0,Top Cleaner,800,Blue
1121,2,1,Top Cleaner,800,Red
1122,1,0,Top Cleaner,1000,Red
1122,2,1,CleanR,800,Blue
1123,1,1,CleanR,800,Red
1123,2,0,CleanR,1000,Blue
1124,1,1,Top Cleaner,800,Blue
1124,2,0,Top Cleaner,1000,Red
1125,1,0,Top Cleaner,1000,Blue
1125,2,1,Top Cleaner,800,Blue
1126,1,0,Top Cleaner,1000,Red
1126,2,1,Top Cleaner,800,Red
1127,1,1,CleanR,800,Blue
1127,2,0,CleanR,1000,Blue
1128,1,0,Top Cleaner,800,Blue
1128,2,1,CleanR,800,Red
1129,1,0,Top Cleaner,800,Blue
1129,2,1,Top Cleaner,800,Red
1130,1,0,Top Cleaner,800,Blue
1130,2,1,CleanR,800,Red
1131,1,0,Top Cleaner,1000,Blue
1131,2,1,CleanR,800,Blue
1132,1,1,CleanR,800,Red
1132,2,0,Top Cleaner,1000,Blue
1133,1,1,CleanR,1000,Blue
1133,2,0,Top Cleaner,1000,Blue
1134,1,1,Top Cleaner,1000,Blue
1134,2,0,Top Cleaner,1000,Blue
1135,1,1,CleanR,800,Blue
1135,2,0,CleanR,1000,Blue
1136,1,1,CleanR,800,Red
1136,2,0,CleanR,800,Blue
1137,1,1,Top Cleaner,1000,Blue
1137,2,0,Top Cleaner,1000,Blue
1138,1,0,Top Cleaner,1000,Blue
1138,2,1,CleanR,1000,Red
1139,1,0,Top Cleaner,800,Blue
1139,2,1,CleanR,1000,Red
1140,1,0,Top Cleaner,1000,Red
1140,2,1,Top Cleaner,800,Red
1141,1,1,CleanR,1000,Red
1141,2,0,Top Cleaner,800,Blue
1142,1,1,Top Cleaner,800,Blue
1142,2,0,Top Cleaner,1000,Blue
1143,1,0,Top Cleaner,1000,Red
1143,2,1,CleanR,1000,Red
1144,1,1,CleanR,1000,Blue
1144,2,0,Top Cleaner,800,Blue
1145,1,1,Top Cleaner,800,Blue
1145,2,0,Top Cleaner,800,Blue
1146,1,0,Top Cleaner,800,Red
1146,2,1,Top Cleaner,800,Blue
1147,1,1,Top Cleaner,800,Blue
1147,2,0,Top Cleaner,800,Blue
1148,1,1,Top Cleaner,800,Blue
1148,2,0,Top Cleaner,800,Blue
1149,1,1,Top Cleaner,800,Red
1149,2,0,Top Cleaner,1000,Blue
1150,1,0,Top Cleaner,1000,Blue
1150,2,1,Top Cleaner,800,Blue
1151,1,0,CleanR,800,Blue
1151,2,1,CleanR,1000,Red
1152,1,0,Top Cleaner,800,Blue
1152,2,1,Top Cleaner,1000,Red
1153,1,1,CleanR,800,Red
1153,2,0,Top Cleaner,1000,Blue
1154,1,0,CleanR,1000,Blue
1154,2,1,Top Cleaner,800,Red
1155,1,0,Top Cleaner,1000,Blue
1155,2,1,CleanR,800,Blue
1156,1,1,Top Cleaner,800,Blue
1156,2,0,Top Cleaner,1000,Red
1157,1,1,Top Cleaner,1000,Red
1157,2,0,CleanR,1000,Blue
1158,1,1,CleanR,800,Red
1158,2,0,Top Cleaner,800,Blue
1159,1,1,Top Cleaner,1000,Red
1159,2,0,Top Cleaner,800,Blue
1160,1,0,Top Cleaner,800,Blue
1160,2,1,Top Cleaner,800,Blue
1161,1,1,Top Cleaner,800,Red
1161,2,0,CleanR,1000,Red
1162,1,0,Top Cleaner,800,Blue
1162,2,1,Top Cleaner,800,Red
1163,1,1,Top Cleaner,1000,Red
1163,2,0,Top Cleaner,1000,Blue
1164,1,0,Top Cleaner,1000,Red
1164,2,1,Top Cleaner,1000,Blue
1165,1,0,Top Cleaner,1000,Blue
1165,2,1,CleanR,800,Red
1166,1,1,Top Cleaner,800,Blue
1166,2,0,Top Cleaner,1000,Blue
1167,1,0,Top Cleaner,1000,Blue
1167,2,1,CleanR,1000,Red
1168,1,1,Top Cleaner,800,Blue
1168,2,0,Top Cleaner,800,Blue
1169,1,1,Top Cleaner,800,Red
1169,2,0,Top Cleaner,1000,Red
1170,1,0,CleanR,1000,Blue
1170,2,1,Top Cleaner,800,Blue
1171,1,0,Top Cleaner,1000,Blue
1171,2,1,Top Cleaner,1000,Red
1172,1,1,Top Cleaner,1000,Blue
1172,2,0,Top Cleaner,800,Blue
1173,1,0,Top Cleaner,1000,Blue
1173,2,1,Top Cleaner,800,Red
1174,1,0,CleanR,1000,Red
1174,2,1,Top Cleaner,800,Red
1175,1,1,Top Cleaner,800,Red
1175,2,0,Top Cleaner,800,Red
1176,1,0,Top Cleaner,1000,Blue
1176,2,1,Top Cleaner,800,Red
1177,1,1,CleanR,1000,Blue
1177,2,0,Top Cleaner,1000,Blue
1178,1,0,Top Cleaner,800,Red
1178,2,1,Top Cleaner,800,Blue
1179,1,0,Top Cleaner,1000,Blue
1179,2,1,CleanR,1000,Blue
1180,1,0,Top Cleaner,800,Blue
1180,2,1,Top Cleaner,800,Red
1181,1,0,Top Cleaner,1000,Blue
1181,2,1,Top Cleaner,800,Red
1182,1,0,Top Cleaner,800,Blue
1182,2,1,CleanR,800,Blue
1183,1,0,Top Cleaner,1000,Blue
1183,2,1,Top Cleaner,800,Blue
1184,1,1,CleanR,800,Red
1184,2,0,Top Cleaner,800,Blue
1185,1,0,CleanR,800,Blue
1185,2,1,CleanR,1000,Blue
1186,1,0,Top Cleaner,800,Blue
1186,2,1,CleanR,1000,Blue
1187,1,0,Top Cleaner,800,Blue
1187,2,1,CleanR,800,Blue
1188,1,1,CleanR,800,Red
1188,2,0,Top Cleaner,1000,Blue
1189,1,0,Top Cleaner,800,Red
1189,2,1,CleanR,800,Blue
1190,1,0,Top Cleaner,1000,Red
1190,2,1,CleanR,1000,Red
1191,1,0,Top Cleaner,800,Blue
1191,2,1,CleanR,800,Blue
1192,1,1,Top Cleaner,1000,Blue
1192,2,0,Top Cleaner,800,Blue
1193,1,0,Top Cleaner,1000,Blue
1193,2,1,Top Cleaner,1000,Blue
1194,1,1,CleanR,1000,Blue
1194,2,0,Top Cleaner,800,Blue
1195,1,0,Top Cleaner,800,Red
1195,2,1,Top Cleaner,1000,Blue
1196,1,0,Top Cleaner,800,Blue
1196,2,1,CleanR,800,Red
1197,1,1,CleanR,800,Red
1197,2,0,Top Cleaner,800,Blue
1198,1,0,Top Cleaner,800,Red
1198,2,1,CleanR,800,Blue
1199,1,1,CleanR,800,Red
1199,2,0,CleanR,800,Red
1200,1,0,Top Cleaner,1000,Blue
1200,2,1,CleanR,1000,Blue
1201,1,1,CleanR,800,Red
1201,2,0,CleanR,800,Blue
1202,1,1,CleanR,800,Red
1202,2,0,Top Cleaner,800,Blue
1203,1,0,Top Cleaner,1000,Red
1203,2,1,Top Cleaner,800,Red
1204,1,1,CleanR,800,Blue
1204,2,0,Top Cleaner,1000,Blue
1205,1,0,Top Cleaner,1000,Blue
1205,2,1,Top Cleaner,800,Blue
1206,1,1,CleanR,1000,Blue
1206,2,0,Top Cleaner,1000,Red
1207,1,0,Top Cleaner,800,Red
1207,2,1,CleanR,1000,Red
1208,1,0,Top Cleaner,1000,Blue
1208,2,1,CleanR,800,Red
1209,1,1,CleanR,800,Blue
1209,2,0,Top Cleaner,1000,Blue
1210,1,0,Top Cleaner,800,Blue
1210,2,1,CleanR,800,Blue
1211,1,0,Top Cleaner,800,Blue
1211,2,1,CleanR,800,Red
1212,1,1,CleanR,1000,Red
1212,2,0,Top Cleaner,1000,Red
1213,1,0,Top Cleaner,800,Red
1213,2,1,CleanR,1000,Blue
1214,1,1,Top Cleaner,800,Blue
1214,2,0,Top Cleaner,800,Blue
1215,1,0,Top Cleaner,1000,Red
1215,2,1,Top Cleaner,800,Blue
1216,1,1,CleanR,800,Red
1216,2,0,Top Cleaner,1000,Blue
1217,1,1,Top Cleaner,1000,Red
1217,2,0,Top Cleaner,1000,Blue
1218,1,1,CleanR,1000,Blue
1218,2,0,CleanR,800,Blue
1219,1,0,Top Cleaner,800,Red
1219,2,1,Top Cleaner,800,Red
1220,1,0,CleanR,1000,Blue
1220,2,1,CleanR,800,Blue
1221,1,1,Top Cleaner,800,Blue
1221,2,0,Top Cleaner,1000,Blue
1222,1,1,Top Cleaner,800,Blue
1222,2,0,Top Cleaner,1000,Red
1223,1,0,Top Cleaner,800,Blue
1223,2,1,Top Cleaner,800,Blue
1224,1,1,CleanR,800,Blue
1224,2,0,CleanR,800,Blue
1225,1,1,CleanR,800,Blue
1225,2,0,Top Cleaner,800,Blue
1226,1,1,Top Cleaner,1000,Blue
1226,2,0,Top Cleaner,800,Red
1227,1,1,Top Cleaner,800,Red
1227,2,0,Top Cleaner,1000,Blue
1228,1,0,Top Cleaner,800,Blue
1228,2,1,CleanR,1000,Red
1229,1,0,CleanR,1000,Blue
1229,2,1,Top Cleaner,800,Red
1230,1,1,Top Cleaner,800,Blue
1230,2,0,Top Cleaner,800,Red
1231,1,0,Top Cleaner,800,Red
1231,2,1,CleanR,800,Blue
1232,1,0,Top Cleaner,1000,Red
1232,2,1,Top Cleaner,800,Red
1233,1,0,Top Cleaner,800,Red
1233,2,1,CleanR,1000,Blue
1234,1,0,Top Cleaner,800,Blue
1234,2,1,Top Cleaner,800,Blue
1235,1,0,Top Cleaner,1000,Blue
1235,2,1,Top Cleaner,800,Red
1236,1,0,Top Cleaner,800,Blue
1236,2,1,Top Cleaner,1000,Red
1237,1,0,Top Cleaner,800,Red
1237,2,1,CleanR,1000,Blue
1238,1,1,CleanR,800,Red
1238,2,0,Top Cleaner,800,Red
1239,1,1,CleanR,800,Blue
1239,2,0,Top Cleaner,800,Red
1240,1,0,Top Cleaner,1000,Blue
1240,2,1,Top Cleaner,800,Red
1241,1,0,Top Cleaner,1000,Red
1241,2,1,CleanR,1000,Red
1242,1,1,Top Cleaner,800,Blue
1242,2,0,Top Cleaner,800,Blue
1243,1,0,Top Cleaner,1000,Blue
1243,2,1,Top Cleaner,800,Blue
1244,1,0,Top Cleaner,800,Red
1244,2,1,Top Cleaner,1000,Red
1245,1,0,CleanR,1000,Blue
1245,2,1,CleanR,800,Blue
1246,1,1,Top Cleaner,800,Blue
1246,2,0,Top Cleaner,800,Blue
1247,1,1,Top Cleaner,800,Red
1247,2,0,Top Cleaner,1000,Blue
1248,1,0,Top Cleaner,1000,Red
1248,2,1,Top Cleaner,800,Red
1249,1,0,Top Cleaner,800,Red
1249,2,1,Top Cleaner,800,Red
1250,1,0,CleanR,1000,Red
1250,2,1,Top Cleaner,800,Red
1251,1,1,CleanR,800,Blue
1251,2,0,Top Cleaner,1000,Blue
1252,1,1,Top Cleaner,800,Blue
1252,2,0,Top Cleaner,800,Blue
1253,1,0,Top Cleaner,1000,Blue
1253,2,1,CleanR,1000,Blue
1254,1,1,Top Cleaner,1000,Red
1254,2,0,Top Cleaner,1000,Blue
1255,1,0,Top Cleaner,1000,Red
1255,2,1,Top Cleaner,800,Blue
1256,1,0,CleanR,800,Blue
1256,2,1,CleanR,800,Blue
1257,1,0,Top Cleaner,1000,Blue
1257,2,1,CleanR,1000,Blue
1258,1,0,Top Cleaner,800,Red
1258,2,1,Top Cleaner,800,Red
1259,1,0,CleanR,1000,Blue
1259,2,1,Top Cleaner,800,Blue
1260,1,0,Top Cleaner,800,Red
1260,2,1,Top Cleaner,800,Blue
1261,1,1,Top Cleaner,800,Red
1261,2,0,Top Cleaner,800,Blue
1262,1,0,Top Cleaner,1000,Blue
1262,2,1,Top Cleaner,1000,Red
1263,1,0,Top Cleaner,1000,Blue
1263,2,1,Top Cleaner,800,Blue
1264,1,1,Top Cleaner,800,Red
1264,2,0,Top Cleaner,1000,Blue
1265,1,1,CleanR,1000,Red
1265,2,0,Top Cleaner,1000,Blue
1266,1,1,Top Cleaner,800,Blue
1266,2,0,Top Cleaner,800,Blue
1267,1,0,Top Cleaner,800,Blue
1267,2,1,Top Cleaner,800,Blue
1268,1,1,CleanR,1000,Blue
1268,2,0,Top Cleaner,1000,Blue
1269,1,0,Top Cleaner,800,Blue
1269,2,1,CleanR,1000,Blue
1270,1,1,CleanR,1000,Blue
1270,2,0,Top Cleaner,800,Red
1271,1,0,Top Cleaner,800,Blue
1271,2,1,CleanR,800,Red
1272,1,1,CleanR,1000,Blue
1272,2,0,Top Cleaner,800,Blue
1273,1,0,Top Cleaner,1000,Red
1273,2,1,CleanR,800,Blue
1274,1,0,Top Cleaner,800,Blue
1274,2,1,Top Cleaner,800,Red
1275,1,1,CleanR,800,Red
1275,2,0,Top Cleaner,800,Blue
1276,1,0,Top Cleaner,1000,Blue
1276,2,1,Top Cleaner,1000,Red
1277,1,1,CleanR,1000,Red
1277,2,0,Top Cleaner,800,Red
1278,1,1,Top Cleaner,1000,Red
1278,2,0,Top Cleaner,1000,Blue
1279,1,1,Top Cleaner,800,Red
1279,2,0,Top Cleaner,800,Blue
1280,1,1,Top Cleaner,800,Red
1280,2,0,Top Cleaner,1000,Blue
1281,1,1,Top Cleaner,1000,Blue
1281,2,0,Top Cleaner,800,Blue
1282,1,1,CleanR,1000,Red
1282,2,0,Top Cleaner,800,Blue
1283,1,0,Top Cleaner,1000,Blue
1283,2,1,Top Cleaner,800,Red
1284,1,1,CleanR,800,Blue
1284,2,0,Top Cleaner,1000,Red
1285,1,0,Top Cleaner,1000,Blue
1285,2,1,Top Cleaner,800,Red
1286,1,0,Top Cleaner,1000,Red
1286,2,1,Top Cleaner,800,Blue
1287,1,0,CleanR,1000,Blue
1287,2,1,Top Cleaner,800,Red
1288,1,0,Top Cleaner,800,Blue
1288,2,1,Top Cleaner,800,Blue
1289,1,0,Top Cleaner,1000,Red
1289,2,1,CleanR,1000,Blue
1290,1,1,Top Cleaner,800,Red
1290,2,0,Top Cleaner,1000,Blue
1291,1,1,CleanR,1000,Blue
1291,2,0,Top Cleaner,800,Blue
1292,1,0,Top Cleaner,800,Blue
1292,2,1,CleanR,1000,Red
1293,1,0,Top Cleaner,1000,Blue
1293,2,1,Top Cleaner,800,Red
1294,1,1,CleanR,1000,Blue
1294,2,0,Top Cleaner,1000,Blue
1295,1,1,Top Cleaner,1000,Blue
1295,2,0,Top Cleaner,800,Blue
1296,1,0,Top Cleaner,800,Blue
1296,2,1,CleanR,1000,Red
1297,1,1,CleanR,800,Blue
1297,2,0,Top Cleaner,800,Blue
1298,1,1,CleanR,800,Blue
1298,2,0,Top Cleaner,1000,Blue
1299,1,1,CleanR,1000,Blue
1299,2,0,Top Cleaner,1000,Red
1300,1,0,Top Cleaner,1000,Blue
1300,2,1,CleanR,800,Blue
1301,1,1,Top Cleaner,800,Blue
1301,2,0,Top Cleaner,1000,Blue
1302,1,0,Top Cleaner,1000,Blue
1302,2,1,CleanR,1000,Red
1303,1,1,Top Cleaner,800,Blue
1303,2,0,Top Cleaner,1000,Blue
1304,1,1,CleanR,1000,Blue
1304,2,0,Top Cleaner,1000,Blue
1305,1,1,CleanR,1000,Blue
1305,2,0,CleanR,1000,Red
1306,1,1,Top Cleaner,800,Blue
1306,2,0,Top Cleaner,1000,Red
1307,1,0,Top Cleaner,800,Red
1307,2,1,CleanR,800,Red
1308,1,0,Top Cleaner,1000,Blue
1308,2,1,Top Cleaner,1000,Blue
1309,1,0,Top Cleaner,1000,Blue
1309,2,1,Top Cleaner,1000,Blue
1310,1,1,Top Cleaner,800,Red
1310,2,0,Top Cleaner,1000,Blue
1311,1,0,Top Cleaner,1000,Blue
1311,2,1,Top Cleaner,800,Red
1312,1,0,Top Cleaner,1000,Red
1312,2,1,Top Cleaner,800,Red
1313,1,1,CleanR,800,Red
1313,2,0,Top Cleaner,800,Blue
1314,1,1,Top Cleaner,800,Blue
1314,2,0,Top Cleaner,1000,Blue
1315,1,1,CleanR,800,Red
1315,2,0,Top Cleaner,1000,Red
1316,1,0,Top Cleaner,1000,Blue
1316,2,1,Top Cleaner,800,Red
1317,1,1,CleanR,800,Blue
1317,2,0,Top Cleaner,800,Red
1318,1,0,Top Cleaner,800,Blue
1318,2,1,Top Cleaner,800,Blue
1319,1,1,Top Cleaner,800,Blue
1319,2,0,Top Cleaner,1000,Blue
1320,1,1,Top Cleaner,1000,Blue
1320,2,0,Top Cleaner,1000,Blue
1321,1,1,CleanR,800,Blue
1321,2,0,CleanR,1000,Blue
1322,1,0,Top Cleaner,1000,Blue
1322,2,1,CleanR,1000,Blue
1323,1,1,CleanR,800,Blue
1323,2,0,Top Cleaner,1000,Blue
1324,1,0,Top Cleaner,1000,Red
1324,2,1,Top Cleaner,1000,Blue
1325,1,0,CleanR,1000,Red
1325,2,1,CleanR,800,Blue
1326,1,0,Top Cleaner,1000,Blue
1326,2,1,Top Cleaner,800,Red
1327,1,1,Top Cleaner,800,Red
1327,2,0,Top Cleaner,1000,Blue
1328,1,1,Top Cleaner,800,Red
1328,2,0,Top Cleaner,1000,Red
1329,1,1,Top Cleaner,800,Red
1329,2,0,Top Cleaner,1000,Blue
1330,1,0,Top Cleaner,1000,Blue
1330,2,1,Top Cleaner,800,Blue
1331,1,0,Top Cleaner,800,Blue
1331,2,1,Top Cleaner,800,Blue
1332,1,1,Top Cleaner,800,Red
1332,2,0,Top Cleaner,800,Blue
1333,1,1,Top Cleaner,1000,Red
1333,2,0,Top Cleaner,800,Blue
1334,1,1,Top Cleaner,800,Blue
1334,2,0,Top Cleaner,800,Blue
1335,1,0,Top Cleaner,800,Red
1335,2,1,CleanR,800,Red
1336,1,0,Top Cleaner,800,Blue
1336,2,1,Top Cleaner,1000,Red
1337,1,1,CleanR,1000,Blue
1337,2,0,Top Cleaner,1000,Red
1338,1,1,CleanR,1000,Red
1338,2,0,Top Cleaner,1000,Blue
1339,1,1,CleanR,800,Red
1339,2,0,Top Cleaner,800,Red
1340,1,0,Top Cleaner,800,Red
1340,2,1,Top Cleaner,800,Blue
1341,1,1,Top Cleaner,800,Blue
1341,2,0,Top Cleaner,800,Blue
1342,1,1,Top Cleaner,800,Blue
1342,2,0,Top Cleaner,1000,Red
1343,1,0,Top Cleaner,800,Red
1343,2,1,Top Cleaner,800,Red
1344,1,0,Top Cleaner,1000,Blue
1344,2,1,Top Cleaner,1000,Red
1345,1,1,Top Cleaner,800,Red
1345,2,0,Top Cleaner,800,Blue
1346,1,1,CleanR,800,Blue
1346,2,0,Top Cleaner,800,Red
1347,1,1,Top Cleaner,1000,Red
1347,2,0,Top Cleaner,1000,Blue
1348,1,0,Top Cleaner,800,Blue
1348,2,1,Top Cleaner,800,Blue
1349,1,1,Top Cleaner,800,Red
1349,2,0,Top Cleaner,800,Blue
1350,1,1,Top Cleaner,800,Blue
1350,2,0,Top Cleaner,800,Blue
1351,1,0,Top Cleaner,800,Blue
1351,2,1,CleanR,1000,Red
1352,1,1,Top Cleaner,800,Blue
1352,2,0,Top Cleaner,800,Red
1353,1,1,Top Cleaner,800,Red
1353,2,0,Top Cleaner,800,Blue
1354,1,1,Top Cleaner,800,Red
1354,2,0,Top Cleaner,1000,Blue
1355,1,1,Top Cleaner,800,Blue
1355,2,0,Top Cleaner,1000,Blue
1356,1,1,Top Cleaner,800,Red
1356,2,0,CleanR,800,Blue
1357,1,1,Top Cleaner,800,Blue
1357,2,0,Top Cleaner,800,Blue
1358,1,1,CleanR,800,Red
1358,2,0,Top Cleaner,1000,Red
1359,1,0,Top Cleaner,1000,Blue
1359,2,1,CleanR,1000,Red
1360,1,0,Top Cleaner,1000,Blue
1360,2,1,CleanR,800,Blue
1361,1,0,Top Cleaner,800,Red
1361,2,1,Top Cleaner,800,Blue
1362,1,0,Top Cleaner,800,Red
1362,2,1,CleanR,800,Blue
1363,1,1,CleanR,800,Blue
1363,2,0,Top Cleaner,1000,Red
1364,1,0,Top Cleaner,1000,Red
1364,2,1,CleanR,1000,Blue
1365,1,1,Top Cleaner,800,Blue
1365,2,0,Top Cleaner,1000,Red
1366,1,1,Top Cleaner,800,Blue
1366,2,0,CleanR,1000,Blue
1367,1,1,Top Cleaner,800,Red
1367,2,0,Top Cleaner,1000,Blue
1368,1,0,Top Cleaner,800,Blue
1368,2,1,CleanR,1000,Blue
1369,1,0,Top Cleaner,1000,Blue
1369,2,1,CleanR,800,Blue
1370,1,1,Top Cleaner,800,Blue
1370,2,0,CleanR,1000,Blue
1371,1,0,Top Cleaner,1000,Red
1371,2,1,Top Cleaner,1000,Red
1372,1,1,Top Cleaner,800,Red
1372,2,0,Top Cleaner,800,Blue
1373,1,1,Top Cleaner,800,Blue
1373,2,0,Top Cleaner,800,Blue
1374,1,1,Top Cleaner,800,Red
1374,2,0,Top Cleaner,800,Red
1375,1,1,Top Cleaner,800,Blue
1375,2,0,Top Cleaner,800,Red
1376,1,1,CleanR,800,Blue
1376,2,0,CleanR,1000,Red
1377,1,1,Top Cleaner,800,Blue
1377,2,0,Top Cleaner,1000,Blue
1378,1,0,CleanR,1000,Blue
1378,2,1,CleanR,1000,Blue
1379,1,1,Top Cleaner,800,Blue
1379,2,0,Top Cleaner,800,Red
1380,1,0,Top Cleaner,1000,Red
1380,2,1,CleanR,1000,Blue
1381,1,0,Top Cleaner,1000,Blue
1381,2,1,CleanR,800,Blue
1382,1,1,Top Cleaner,800,Blue
1382,2,0,Top Cleaner,800,Blue
1383,1,1,CleanR,800,Red
1383,2,0,CleanR,800,Blue
1384,1,1,Top Cleaner,1000,Blue
1384,2,0,Top Cleaner,1000,Blue
1385,1,1,CleanR,1000,Red
1385,2,0,Top Cleaner,800,Blue
1386,1,0,Top Cleaner,1000,Blue
1386,2,1,CleanR,800,Red
1387,1,0,Top Cleaner,800,Red
1387,2,1,Top Cleaner,800,Blue
1388,1,1,CleanR,800,Red
1388,2,0,CleanR,1000,Blue
1389,1,1,Top Cleaner,800,Red
1389,2,0,Top Cleaner,1000,Red
1390,1,0,Top Cleaner,1000,Blue
1390,2,1,Top Cleaner,800,Blue
1391,1,1,CleanR,800,Blue
1391,2,0,CleanR,800,Blue
1392,1,1,Top Cleaner,1000,Red
1392,2,0,Top Cleaner,800,Blue
1393,1,1,Top Cleaner,800,Blue
1393,2,0,Top Cleaner,800,Red
1394,1,0,Top Cleaner,800,Blue
1394,2,1,Top Cleaner,800,Red
1395,1,1,Top Cleaner,800,Red
1395,2,0,Top Cleaner,1000,Blue
1396,1,1,CleanR,1000,Blue
1396,2,0,Top Cleaner,800,Red
1397,1,1,Top Cleaner,800,Red
1397,2,0,Top Cleaner,800,Blue
1398,1,0,Top Cleaner,1000,Blue
1398,2,1,Top Cleaner,800,Red
1399,1,0,Top Cleaner,800,Red
1399,2,1,Top Cleaner,1000,Blue
1400,1,0,Top Cleaner,800,Blue
1400,2,1,Top Cleaner,800,Blue
1401,1,0,Top Cleaner,800,Red
1401,2,1,Top Cleaner,1000,Red
1402,1,0,Top Cleaner,800,Blue
1402,2,1,Top Cleaner,800,Blue
1403,1,1,Top Cleaner,800,Red
1403,2,0,Top Cleaner,800,Blue
1404,1,1,Top Cleaner,800,Blue
1404,2,0,CleanR,1000,Red
1405,1,1,Top Cleaner,800,Blue
1405,2,0,Top Cleaner,800,Blue
1406,1,1,CleanR,1000,Red
1406,2,0,Top Cleaner,800,Red
1407,1,1,Top Cleaner,800,Blue
1407,2,0,Top Cleaner,1000,Blue
1408,1,1,CleanR,1000,Red
1408,2,0,Top Cleaner,1000,Blue
1409,1,1,Top Cleaner,1000,Blue
1409,2,0,Top Cleaner,1000,Blue
1410,1,1,CleanR,800,Blue
1410,2,0,Top Cleaner,800,Blue
1411,1,1,CleanR,800,Blue
1411,2,0,Top Cleaner,800,Blue
1412,1,0,CleanR,1000,Red
1412,2,1,CleanR,800,Red
1413,1,1,Top Cleaner,1000,Blue
1413,2,0,Top Cleaner,1000,Blue
1414,1,0,Top Cleaner,1000,Red
1414,2,1,Top Cleaner,1000,Red
1415,1,0,Top Cleaner,1000,Red
1415,2,1,Top Cleaner,800,Blue
1416,1,1,CleanR,800,Red
1416,2,0,Top Cleaner,800,Blue
1417,1,0,Top Cleaner,800,Blue
1417,2,1,Top Cleaner,800,Blue
1418,1,0,Top Cleaner,1000,Red
1418,2,1,Top Cleaner,800,Red
1419,1,1,CleanR,1000,Red
1419,2,0,Top Cleaner,800,Red
1420,1,0,Top Cleaner,1000,Red
1420,2,1,CleanR,800,Red
1421,1,1,CleanR,1000,Blue
1421,2,0,Top Cleaner,800,Red
1422,1,0,Top Cleaner,1000,Red
1422,2,1,CleanR,1000,Red
1423,1,0,Top Cleaner,1000,Blue
1423,2,1,Top Cleaner,800,Red
1424,1,1,CleanR,800,Red
1424,2,0,Top Cleaner,800,Red
1425,1,0,Top Cleaner,1000,Blue
1425,2,1,Top Cleaner,800,Blue
1426,1,0,Top Cleaner,800,Blue
1426,2,1,CleanR,1000,Blue
1427,1,1,Top Cleaner,1000,Blue
1427,2,0,Top Cleaner,1000,Blue
1428,1,1,CleanR,800,Red
1428,2,0,Top Cleaner,1000,Blue
1429,1,1,CleanR,800,Blue
1429,2,0,Top Cleaner,1000,Blue
1430,1,1,Top Cleaner,1000,Red
1430,2,0,Top Cleaner,800,Blue
1431,1,1,CleanR,800,Blue
1431,2,0,Top Cleaner,800,Blue
1432,1,0,Top Cleaner,1000,Blue
1432,2,1,CleanR,1000,Blue
1433,1,0,CleanR,1000,Red
1433,2,1,CleanR,800,Red
1434,1,1,CleanR,1000,Blue
1434,2,0,Top Cleaner,800,Blue
1435,1,1,Top Cleaner,800,Blue
1435,2,0,Top Cleaner,1000,Blue
1436,1,0,Top Cleaner,1000,Red
1436,2,1,Top Cleaner,800,Blue
1437,1,0,Top Cleaner,1000,Blue
1437,2,1,CleanR,1000,Blue
1438,1,0,CleanR,800,Blue
1438,2,1,CleanR,800,Blue
1439,1,0,Top Cleaner,1000,Blue
1439,2,1,Top Cleaner,800,Blue
1440,1,0,Top Cleaner,800,Blue
1440,2,1,Top Cleaner,800,Blue
1441,1,0,Top Cleaner,1000,Blue
1441,2,1,CleanR,1000,Blue
1442,1,1,Top Cleaner,1000,Blue
1442,2,0,Top Cleaner,800,Blue
1443,1,0,Top Cleaner,800,Blue
1443,2,1,CleanR,800,Blue
1444,1,1,Top Cleaner,800,Red
1444,2,0,CleanR,1000,Blue
1445,1,0,CleanR,1000,Blue
1445,2,1,Top Cleaner,800,Red
1446,1,1,CleanR,800,Blue
1446,2,0,CleanR,1000,Blue
1447,1,0,Top Cleaner,1000,Blue
1447,2,1,Top Cleaner,800,Red
1448,1,0,Top Cleaner,1000,Blue
1448,2,1,Top Cleaner,800,Blue
1449,1,0,Top Cleaner,800,Blue
1449,2,1,Top Cleaner,800,Blue
1450,1,1,Top Cleaner,800,Blue
1450,2,0,Top Cleaner,1000,Blue
1451,1,0,Top Cleaner,800,Red
1451,2,1,CleanR,800,Blue
1452,1,1,CleanR,800,Blue
1452,2,0,Top Cleaner,800,Blue
1453,1,1,CleanR,800,Red
1453,2,0,Top Cleaner,800,Blue
1454,1,0,Top Cleaner,800,Red
1454,2,1,CleanR,800,Blue
1455,1,0,Top Cleaner,800,Blue
1455,2,1,Top Cleaner,1000,Red
1456,1,1,CleanR,1000,Red
1456,2,0,Top Cleaner,800,Red
1457,1,1,Top Cleaner,800,Red
1457,2,0,Top Cleaner,800,Blue
1458,1,1,CleanR,800,Red
1458,2,0,Top Cleaner,800,Blue
1459,1,1,CleanR,800,Red
1459,2,0,Top Cleaner,1000,Red
1460,1,0,Top Cleaner,1000,Red
1460,2,1,Top Cleaner,800,Red
1461,1,0,CleanR,800,Blue
1461,2,1,CleanR,800,Blue
1462,1,1,CleanR,800,Red
1462,2,0,Top Cleaner,1000,Red
1463,1,1,CleanR,800,Blue
1463,2,0,CleanR,800,Blue
1464,1,0,Top Cleaner,1000,Red
1464,2,1,Top Cleaner,800,Blue
1465,1,0,Top Cleaner,800,Red
1465,2,1,CleanR,800,Blue
1466,1,1,CleanR,800,Blue
1466,2,0,Top Cleaner,1000,Blue
1467,1,1,CleanR,1000,Blue
1467,2,0,Top Cleaner,1000,Blue
1468,1,0,Top Cleaner,1000,Red
1468,2,1,Top Cleaner,800,Red
1469,1,0,Top Cleaner,800,Blue
1469,2,1,CleanR,800,Red
1470,1,1,Top Cleaner,800,Red
1470,2,0,CleanR,1000,Blue
1471,1,1,CleanR,800,Blue
1471,2,0,CleanR,800,Red
1472,1,0,Top Cleaner,1000,Red
1472,2,1,Top Cleaner,800,Blue
1473,1,1,CleanR,800,Blue
1473,2,0,CleanR,1000,Blue
1474,1,1,Top Cleaner,1000,Red
1474,2,0,Top Cleaner,1000,Red
1475,1,0,Top Cleaner,1000,Red
1475,2,1,CleanR,800,Blue
1476,1,1,CleanR,800,Red
1476,2,0,Top Cleaner,800,Blue
1477,1,1,Top Cleaner,800,Blue
1477,2,0,Top Cleaner,1000,Blue
1478,1,1,CleanR,800,Blue
1478,2,0,CleanR,800,Blue
1479,1,1,CleanR,1000,Red
1479,2,0,Top Cleaner,1000,Blue
1480,1,1,CleanR,1000,Red
1480,2,0,Top Cleaner,800,Blue
1481,1,1,CleanR,800,Blue
1481,2,0,Top Cleaner,800,Blue
1482,1,1,Top Cleaner,800,Red
1482,2,0,Top Cleaner,1000,Blue
1483,1,1,CleanR,800,Red
1483,2,0,Top Cleaner,1000,Blue
1484,1,1,CleanR,800,Red
1484,2,0,CleanR,1000,Blue
1485,1,1,CleanR,1000,Blue
1485,2,0,Top Cleaner,800,Red
1486,1,1,Top Cleaner,800,Red
1486,2,0,Top Cleaner,1000,Red
1487,1,0,CleanR,800,Blue
1487,2,1,CleanR,1000,Red
1488,1,1,Top Cleaner,800,Red
1488,2,0,Top Cleaner,1000,Red
1489,1,0,Top Cleaner,1000,Blue
1489,2,1,Top Cleaner,800,Red
1490,1,1,CleanR,1000,Red
1490,2,0,Top Cleaner,800,Blue
1491,1,1,Top Cleaner,1000,Red
1491,2,0,Top Cleaner,1000,Red
1492,1,1,Top Cleaner,800,Blue
1492,2,0,CleanR,800,Blue
1493,1,1,CleanR,1000,Red
1493,2,0,Top Cleaner,1000,Blue
1494,1,1,CleanR,800,Red
1494,2,0,Top Cleaner,1000,Blue
1495,1,0,Top Cleaner,800,Red
1495,2,1,Top Cleaner,800,Blue
1496,1,0,CleanR,800,Blue
1496,2,1,Top Cleaner,800,Red
1497,1,1,CleanR,800,Blue
1497,2,0,CleanR,800,Red
1498,1,1,Top Cleaner,800,Blue
1498,2,0,Top Cleaner,800,Blue
1499,1,1,Top Cleaner,800,Red
1499,2,0,Top Cleaner,1000,Blue
1500,1,1,Top Cleaner,1000,Red
1500,2,0,Top Cleaner,1000,Blue
1501,1,1,CleanR,800,Blue
1501,2,0,Top Cleaner,800,Red
1502,1,1,CleanR,800,Blue
1502,2,0,Top Cleaner,800,Blue
1503,1,0,Top Cleaner,800,Blue
1503,2,1,Top Cleaner,800,Blue
1504,1,1,Top Cleaner,800,Blue
1504,2,0,Top Cleaner,1000,Blue
1505,1,0,Top Cleaner,800,Blue
1505,2,1,CleanR,800,Red
1506,1,0,Top Cleaner,1000,Blue
1506,2,1,Top Cleaner,800,Blue
1507,1,0,Top Cleaner,1000,Blue
1507,2,1,CleanR,800,Blue
1508,1,0,Top Cleaner,1000,Blue
1508,2,1,Top Cleaner,800,Blue
1509,1,0,Top Cleaner,800,Blue
1509,2,1,Top Cleaner,800,Red
1510,1,0,Top Cleaner,1000,Blue
1510,2,1,Top Cleaner,800,Blue
1511,1,1,Top Cleaner,1000,Blue
1511,2,0,Top Cleaner,1000,Blue
1512,1,1,CleanR,800,Blue
1512,2,0,Top Cleaner,1000,Red
1513,1,1,CleanR,1000,Red
1513,2,0,Top Cleaner,800,Blue
1514,1,0,Top Cleaner,800,Blue
1514,2,1,CleanR,1000,Blue
1515,1,0,Top Cleaner,1000,Red
1515,2,1,CleanR,800,Red
1516,1,1,Top Cleaner,800,Blue
1516,2,0,Top Cleaner,800,Blue
1517,1,0,Top Cleaner,1000,Blue
1517,2,1,CleanR,800,Blue
1518,1,0,Top Cleaner,800,Red
1518,2,1,CleanR,800,Red
1519,1,1,Top Cleaner,800,Red
1519,2,0,Top Cleaner,1000,Red
1520,1,0,Top Cleaner,1000,Blue
1520,2,1,Top Cleaner,800,Blue
1521,1,1,CleanR,1000,Blue
1521,2,0,Top Cleaner,1000,Blue
1522,1,0,Top Cleaner,800,Blue
1522,2,1,Top Cleaner,800,Red
1523,1,1,CleanR,800,Red
1523,2,0,Top Cleaner,800,Blue
1524,1,0,Top Cleaner,1000,Blue
1524,2,1,CleanR,800,Blue
1525,1,1,CleanR,800,Blue
1525,2,0,Top Cleaner,800,Red
1526,1,0,Top Cleaner,1000,Blue
1526,2,1,CleanR,1000,Blue
1527,1,0,Top Cleaner,800,Red
1527,2,1,Top Cleaner,1000,Red
1528,1,1,Top Cleaner,800,Blue
1528,2,0,Top Cleaner,1000,Blue
1529,1,1,Top Cleaner,800,Blue
1529,2,0,Top Cleaner,1000,Blue
1530,1,0,Top Cleaner,800,Blue
1530,2,1,CleanR,800,Red
1531,1,1,CleanR,1000,Blue
1531,2,0,Top Cleaner,1000,Red
1532,1,1,Top Cleaner,800,Blue
1532,2,0,Top Cleaner,1000,Blue
1533,1,1,CleanR,1000,Blue
1533,2,0,Top Cleaner,800,Blue
1534,1,0,Top Cleaner,800,Blue
1534,2,1,CleanR,800,Blue
1535,1,0,Top Cleaner,800,Red
1535,2,1,CleanR,1000,Blue
1536,1,0,Top Cleaner,800,Red
1536,2,1,CleanR,800,Red
1537,1,1,Top Cleaner,800,Red
1537,2,0,Top Cleaner,800,Red
1538,1,0,Top Cleaner,800,Blue
1538,2,1,Top Cleaner,800,Red
1539,1,1,CleanR,800,Red
1539,2,0,CleanR,800,Blue
1540,1,0,Top Cleaner,1000,Red
1540,2,1,Top Cleaner,800,Blue
1541,1,0,Top Cleaner,800,Blue
1541,2,1,Top Cleaner,800,Blue
1542,1,1,CleanR,800,Blue
1542,2,0,Top Cleaner,1000,Red
1543,1,1,Top Cleaner,800,Blue
1543,2,0,Top Cleaner,1000,Blue
1544,1,1,Top Cleaner,1000,Red
1544,2,0,Top Cleaner,800,Blue
1545,1,0,Top Cleaner,1000,Red
1545,2,1,Top Cleaner,800,Red
1546,1,1,Top Cleaner,800,Blue
1546,2,0,Top Cleaner,1000,Blue
1547,1,0,Top Cleaner,1000,Blue
1547,2,1,CleanR,1000,Red
1548,1,1,Top Cleaner,1000,Red
1548,2,0,Top Cleaner,1000,Blue
1549,1,1,Top Cleaner,800,Blue
1549,2,0,Top Cleaner,1000,Blue
1550,1,1,CleanR,800,Blue
1550,2,0,Top Cleaner,1000,Blue
1551,1,0,CleanR,1000,Red
1551,2,1,CleanR,800,Blue
1552,1,0,Top Cleaner,800,Blue
1552,2,1,Top Cleaner,800,Red
1553,1,0,Top Cleaner,800,Blue
1553,2,1,CleanR,800,Blue
1554,1,0,Top Cleaner,1000,Red
1554,2,1,Top Cleaner,800,Red
1555,1,0,Top Cleaner,800,Blue
1555,2,1,CleanR,800,Blue
1556,1,0,Top Cleaner,1000,Red
1556,2,1,Top Cleaner,800,Red
1557,1,1,Top Cleaner,1000,Red
1557,2,0,Top Cleaner,1000,Blue
1558,1,0,Top Cleaner,1000,Blue
1558,2,1,CleanR,800,Red
1559,1,1,Top Cleaner,800,Red
1559,2,0,Top Cleaner,800,Blue
1560,1,1,CleanR,800,Blue
1560,2,0,Top Cleaner,800,Blue
1561,1,1,CleanR,1000,Blue
1561,2,0,Top Cleaner,1000,Blue
1562,1,1,Top Cleaner,800,Blue
1562,2,0,CleanR,1000,Blue
1563,1,0,CleanR,1000,Blue
1563,2,1,Top Cleaner,1000,Red
1564,1,1,Top Cleaner,800,Blue
1564,2,0,Top Cleaner,1000,Blue
1565,1,0,Top Cleaner,800,Blue
1565,2,1,CleanR,800,Red
1566,1,0,Top Cleaner,1000,Blue
1566,2,1,Top Cleaner,800,Blue
1567,1,1,Top Cleaner,1000,Red
1567,2,0,Top Cleaner,1000,Blue
1568,1,1,CleanR,800,Blue
1568,2,0,Top Cleaner,1000,Red
1569,1,1,Top Cleaner,800,Blue
1569,2,0,Top Cleaner,1000,Blue
1570,1,1,CleanR,1000,Red
1570,2,0,Top Cleaner,800,Blue
1571,1,0,Top Cleaner,800,Blue
1571,2,1,CleanR,800,Red
1572,1,0,Top Cleaner,1000,Red
1572,2,1,CleanR,800,Red
1573,1,1,CleanR,800,Blue
1573,2,0,Top Cleaner,800,Red
1574,1,0,Top Cleaner,800,Red
1574,2,1,Top Cleaner,800,Red
1575,1,1,Top Cleaner,800,Blue
1575,2,0,Top Cleaner,800,Red
1576,1,0,CleanR,1000,Red
1576,2,1,CleanR,1000,Red
1577,1,0,Top Cleaner,1000,Blue
1577,2,1,CleanR,1000,Blue
1578,1,0,Top Cleaner,800,Blue
1578,2,1,CleanR,1000,Red
1579,1,1,Top Cleaner,800,Red
1579,2,0,Top Cleaner,800,Blue
1580,1,0,Top Cleaner,1000,Red
1580,2,1,CleanR,1000,Blue
1581,1,0,Top Cleaner,800,Red
1581,2,1,CleanR,1000,Blue
1582,1,0,Top Cleaner,1000,Blue
1582,2,1,Top Cleaner,1000,Blue
1583,1,1,Top Cleaner,800,Red
1583,2,0,Top Cleaner,800,Blue
1584,1,0,Top Cleaner,800,Red
1584,2,1,CleanR,800,Blue
1585,1,1,CleanR,800,Blue
1585,2,0,Top Cleaner,800,Red
1586,1,0,Top Cleaner,1000,Blue
1586,2,1,Top Cleaner,800,Blue
1587,1,1,Top Cleaner,800,Red
1587,2,0,Top Cleaner,1000,Blue
1588,1,1,Top Cleaner,800,Red
1588,2,0,Top Cleaner,800,Blue
1589,1,1,Top Cleaner,800,Blue
1589,2,0,Top Cleaner,800,Blue
1590,1,0,Top Cleaner,800,Blue
1590,2,1,CleanR,800,Red
1591,1,1,CleanR,800,Red
1591,2,0,Top Cleaner,1000,Blue
1592,1,1,CleanR,1000,Blue
1592,2,0,Top Cleaner,800,Blue
1593,1,0,Top Cleaner,800,Blue
1593,2,1,Top Cleaner,800,Red
1594,1,0,Top Cleaner,800,Blue
1594,2,1,Top Cleaner,800,Red
1595,1,1,Top Cleaner,800,Blue
1595,2,0,Top Cleaner,800,Blue
1596,1,0,Top Cleaner,800,Blue
1596,2,1,Top Cleaner,800,Red
1597,1,1,Top Cleaner,1000,Red
1597,2,0,Top Cleaner,800,Blue
1598,1,1,Top Cleaner,1000,Red
1598,2,0,Top Cleaner,1000,Blue
1599,1,1,CleanR,1000,Blue
1599,2,0,Top Cleaner,800,Blue
1600,1,0,Top Cleaner,1000,Blue
1600,2,1,Top Cleaner,1000,Blue
1601,1,0,Top Cleaner,800,Blue
1601,2,1,Top Cleaner,800,Blue
1602,1,0,Top Cleaner,800,Red
1602,2,1,Top Cleaner,800,Red
1603,1,0,Top Cleaner,800,Blue
1603,2,1,Top Cleaner,800,Blue
1604,1,1,CleanR,800,Blue
1604,2,0,Top Cleaner,1000,Blue
1605,1,1,CleanR,1000,Blue
1605,2,0,Top Cleaner,1000,Blue
1606,1,1,Top Cleaner,1000,Blue
1606,2,0,Top Cleaner,1000,Red
1607,1,1,CleanR,800,Blue
1607,2,0,CleanR,1000,Blue
1608,1,0,Top Cleaner,800,Red
1608,2,1,CleanR,800,Blue
1609,1,1,Top Cleaner,800,Blue
1609,2,0,Top Cleaner,1000,Blue
1610,1,1,Top Cleaner,800,Blue
1610,2,0,Top Cleaner,800,Blue
1611,1,0,Top Cleaner,1000,Blue
1611,2,1,Top Cleaner,1000,Red
1612,1,1,CleanR,800,Blue
1612,2,0,Top Cleaner,800,Blue
1613,1,1,Top Cleaner,800,Blue
1613,2,0,Top Cleaner,1000,Red
1614,1,1,CleanR,800,Blue
1614,2,0,Top Cleaner,800,Red
1615,1,0,CleanR,1000,Red
1615,2,1,CleanR,1000,Blue
1616,1,0,Top Cleaner,1000,Blue
1616,2,1,CleanR,1000,Red
1617,1,0,Top Cleaner,1000,Blue
1617,2,1,Top Cleaner,800,Blue
1618,1,1,Top Cleaner,800,Blue
1618,2,0,Top Cleaner,800,Blue
1619,1,0,Top Cleaner,1000,Blue
1619,2,1,Top Cleaner,800,Blue
1620,1,0,Top Cleaner,800,Blue
1620,2,1,CleanR,800,Red
1621,1,1,Top Cleaner,1000,Blue
1621,2,0,Top Cleaner,1000,Blue
1622,1,0,Top Cleaner,1000,Blue
1622,2,1,Top Cleaner,800,Blue
1623,1,1,Top Cleaner,1000,Red
1623,2,0,Top Cleaner,800,Red
1624,1,1,CleanR,1000,Blue
1624,2,0,Top Cleaner,1000,Blue
1625,1,0,Top Cleaner,1000,Blue
1625,2,1,CleanR,1000,Red
1626,1,0,CleanR,1000,Blue
1626,2,1,CleanR,800,Red
1627,1,1,Top Cleaner,800,Red
1627,2,0,Top Cleaner,800,Blue
1628,1,0,Top Cleaner,1000,Blue
1628,2,1,Top Cleaner,800,Red
1629,1,0,Top Cleaner,800,Blue
1629,2,1,CleanR,1000,Red
1630,1,1,CleanR,800,Blue
1630,2,0,Top Cleaner,800,Red
1631,1,1,CleanR,800,Red
1631,2,0,Top Cleaner,800,Red
1632,1,0,Top Cleaner,1000,Blue
1632,2,1,CleanR,1000,Red
1633,1,0,Top Cleaner,1000,Red
1633,2,1,Top Cleaner,1000,Red
1634,1,1,Top Cleaner,800,Red
1634,2,0,Top Cleaner,1000,Blue
1635,1,1,CleanR,1000,Red
1635,2,0,Top Cleaner,800,Red
1636,1,1,CleanR,1000,Blue
1636,2,0,Top Cleaner,800,Blue
1637,1,0,Top Cleaner,1000,Red
1637,2,1,Top Cleaner,1000,Red
1638,1,0,Top Cleaner,1000,Blue
1638,2,1,CleanR,800,Red
1639,1,0,Top Cleaner,800,Blue
1639,2,1,CleanR,800,Blue
1640,1,1,CleanR,800,Red
1640,2,0,Top Cleaner,800,Blue
1641,1,1,Top Cleaner,800,Blue
1641,2,0,Top Cleaner,1000,Blue
1642,1,1,CleanR,800,Blue
1642,2,0,Top Cleaner,800,Blue
1643,1,1,CleanR,800,Red
1643,2,0,Top Cleaner,800,Red
1644,1,0,CleanR,1000,Blue
1644,2,1,CleanR,800,Blue
1645,1,1,Top Cleaner,800,Red
1645,2,0,Top Cleaner,1000,Blue
1646,1,1,CleanR,1000,Red
1646,2,0,Top Cleaner,800,Blue
1647,1,1,CleanR,800,Blue
1647,2,0,Top Cleaner,1000,Blue
1648,1,1,CleanR,800,Blue
1648,2,0,Top Cleaner,800,Red
1649,1,0,Top Cleaner,1000,Red
1649,2,1,CleanR,1000,Blue
1650,1,0,Top Cleaner,1000,Red
1650,2,1,Top Cleaner,1000,Blue
1651,1,0,Top Cleaner,1000,Blue
1651,2,1,CleanR,800,Blue
1652,1,1,CleanR,1000,Red
1652,2,0,CleanR,1000,Blue
1653,1,1,Top Cleaner,800,Blue
1653,2,0,Top Cleaner,800,Blue
1654,1,1,Top Cleaner,800,Red
1654,2,0,CleanR,1000,Blue
1655,1,0,Top Cleaner,800,Red
1655,2,1,Top Cleaner,800,Red
1656,1,1,Top Cleaner,800,Red
1656,2,0,Top Cleaner,800,Blue
1657,1,1,Top Cleaner,800,Blue
1657,2,0,Top Cleaner,1000,Blue
1658,1,1,CleanR,800,Blue
1658,2,0,Top Cleaner,800,Blue
1659,1,0,Top Cleaner,1000,Blue
1659,2,1,CleanR,800,Blue
1660,1,1,CleanR,1000,Blue
1660,2,0,Top Cleaner,1000,Red
1661,1,1,CleanR,1000,Red
1661,2,0,Top Cleaner,800,Blue
1662,1,1,Top Cleaner,800,Blue
1662,2,0,Top Cleaner,1000,Blue
1663,1,1,Top Cleaner,800,Blue
1663,2,0,Top Cleaner,1000,Blue
1664,1,0,Top Cleaner,1000,Red
1664,2,1,Top Cleaner,800,Red
1665,1,1,CleanR,1000,Red
1665,2,0,Top Cleaner,800,Red
1666,1,1,Top Cleaner,800,Red
1666,2,0,Top Cleaner,1000,Blue
1667,1,1,CleanR,1000,Blue
1667,2,0,Top Cleaner,800,Blue
1668,1,1,Top Cleaner,800,Red
1668,2,0,Top Cleaner,1000,Red
1669,1,0,Top Cleaner,1000,Blue
1669,2,1,Top Cleaner,800,Blue
1670,1,0,Top Cleaner,1000,Blue
1670,2,1,Top Cleaner,1000,Blue
1671,1,0,Top Cleaner,1000,Blue
1671,2,1,Top Cleaner,800,Red
1672,1,0,Top Cleaner,800,Blue
1672,2,1,Top Cleaner,800,Blue
1673,1,0,Top Cleaner,800,Blue
1673,2,1,CleanR,1000,Red
1674,1,1,CleanR,1000,Blue
1674,2,0,Top Cleaner,1000,Red
1675,1,0,Top Cleaner,800,Blue
1675,2,1,Top Cleaner,800,Red
1676,1,0,Top Cleaner,1000,Red
1676,2,1,CleanR,1000,Blue
1677,1,0,Top Cleaner,1000,Blue
1677,2,1,CleanR,800,Red
1678,1,0,Top Cleaner,800,Blue
1678,2,1,Top Cleaner,800,Blue
1679,1,0,Top Cleaner,1000,Blue
1679,2,1,CleanR,1000,Blue
1680,1,1,Top Cleaner,800,Blue
1680,2,0,Top Cleaner,1000,Blue
1681,1,0,Top Cleaner,800,Blue
1681,2,1,Top Cleaner,800,Red
1682,1,1,Top Cleaner,1000,Red
1682,2,0,Top Cleaner,1000,Blue
1683,1,1,CleanR,1000,Red
1683,2,0,Top Cleaner,1000,Blue
1684,1,1,Top Cleaner,800,Blue
1684,2,0,Top Cleaner,1000,Red
1685,1,0,Top Cleaner,1000,Blue
1685,2,1,Top Cleaner,800,Blue
1686,1,1,Top Cleaner,800,Blue
1686,2,0,Top Cleaner,1000,Blue
1687,1,0,Top Cleaner,800,Blue
1687,2,1,Top Cleaner,800,Blue
1688,1,1,Top Cleaner,800,Red
1688,2,0,Top Cleaner,800,Blue
1689,1,1,CleanR,800,Blue
1689,2,0,Top Cleaner,800,Red
1690,1,1,CleanR,800,Red
1690,2,0,CleanR,1000,Red
1691,1,0,Top Cleaner,800,Blue
1691,2,1,CleanR,1000,Blue
1692,1,1,Top Cleaner,800,Blue
1692,2,0,Top Cleaner,1000,Blue
1693,1,1,Top Cleaner,800,Red
1693,2,0,Top Cleaner,1000,Blue
1694,1,0,CleanR,1000,Blue
1694,2,1,CleanR,800,Blue
1695,1,1,CleanR,800,Blue
1695,2,0,Top Cleaner,800,Red
1696,1,1,CleanR,800,Blue
1696,2,0,Top Cleaner,800,Blue
1697,1,1,CleanR,1000,Blue
1697,2,0,Top Cleaner,1000,Blue
1698,1,1,Top Cleaner,800,Red
1698,2,0,Top Cleaner,800,Red
1699,1,0,Top Cleaner,800,Blue
1699,2,1,Top Cleaner,1000,Red
1700,1,0,Top Cleaner,800,Red
1700,2,1,Top Cleaner,800,Red
1701,1,1,CleanR,1000,Blue
1701,2,0,Top Cleaner,1000,Red
1702,1,1,Top Cleaner,800,Red
1702,2,0,Top Cleaner,1000,Blue
1703,1,1,Top Cleaner,800,Blue
1703,2,0,CleanR,1000,Red
1704,1,1,CleanR,800,Blue
1704,2,0,Top Cleaner,800,Red
1705,1,1,CleanR,1000,Red
1705,2,0,Top Cleaner,800,Blue
1706,1,0,CleanR,1000,Blue
1706,2,1,CleanR,1000,Blue
1707,1,0,Top Cleaner,800,Red
1707,2,1,CleanR,1000,Blue
1708,1,0,Top Cleaner,1000,Red
1708,2,1,Top Cleaner,800,Blue
1709,1,0,CleanR,800,Blue
1709,2,1,CleanR,1000,Blue
1710,1,1,Top Cleaner,800,Red
1710,2,0,Top Cleaner,800,Red
1711,1,0,Top Cleaner,800,Blue
1711,2,1,CleanR,800,Blue
1712,1,0,Top Cleaner,1000,Blue
1712,2,1,Top Cleaner,800,Red
1713,1,0,Top Cleaner,1000,Blue
1713,2,1,Top Cleaner,800,Blue
1714,1,1,CleanR,800,Blue
1714,2,0,CleanR,800,Blue
1715,1,0,Top Cleaner,800,Blue
1715,2,1,CleanR,1000,Red
1716,1,1,CleanR,800,Red
1716,2,0,Top Cleaner,800,Red
1717,1,1,Top Cleaner,1000,Red
1717,2,0,Top Cleaner,1000,Red
1718,1,1,Top Cleaner,800,Red
1718,2,0,Top Cleaner,1000,Red
1719,1,0,CleanR,800,Blue
1719,2,1,CleanR,800,Blue
1720,1,0,Top Cleaner,800,Blue
1720,2,1,Top Cleaner,1000,Red
1721,1,1,CleanR,1000,Red
1721,2,0,Top Cleaner,800,Red
1722,1,0,Top Cleaner,1000,Blue
1722,2,1,Top Cleaner,800,Blue
1723,1,1,Top Cleaner,800,Red
1723,2,0,Top Cleaner,800,Blue
1724,1,1,Top Cleaner,800,Blue
1724,2,0,Top Cleaner,1000,Red
1725,1,1,Top Cleaner,800,Blue
1725,2,0,Top Cleaner,800,Blue
1726,1,1,CleanR,800,Red
1726,2,0,Top Cleaner,800,Blue
1727,1,0,Top Cleaner,800,Red
1727,2,1,CleanR,1000,Red
1728,1,1,Top Cleaner,1000,Red
1728,2,0,Top Cleaner,1000,Blue
1729,1,0,Top Cleaner,800,Blue
1729,2,1,Top Cleaner,800,Red
1730,1,0,Top Cleaner,800,Blue
1730,2,1,CleanR,800,Red
1731,1,1,CleanR,1000,Blue
1731,2,0,Top Cleaner,800,Blue
1732,1,1,Top Cleaner,800,Red
1732,2,0,Top Cleaner,800,Blue
1733,1,0,Top Cleaner,1000,Blue
1733,2,1,Top Cleaner,800,Red
1734,1,1,CleanR,800,Blue
1734,2,0,CleanR,800,Red
1735,1,0,CleanR,1000,Blue
1735,2,1,Top Cleaner,800,Red
1736,1,0,Top Cleaner,800,Blue
1736,2,1,CleanR,800,Blue
1737,1,0,Top Cleaner,800,Blue
1737,2,1,CleanR,800,Blue
1738,1,1,CleanR,1000,Blue
1738,2,0,Top Cleaner,800,Blue
1739,1,1,CleanR,800,Red
1739,2,0,Top Cleaner,800,Red
1740,1,1,CleanR,1000,Blue
1740,2,0,Top Cleaner,800,Blue
1741,1,0,Top Cleaner,1000,Red
1741,2,1,CleanR,800,Blue
1742,1,1,CleanR,800,Red
1742,2,0,Top Cleaner,1000,Blue
1743,1,1,Top Cleaner,1000,Blue
1743,2,0,Top Cleaner,1000,Red
1744,1,0,Top Cleaner,1000,Red
1744,2,1,Top Cleaner,1000,Red
1745,1,0,Top Cleaner,1000,Blue
1745,2,1,Top Cleaner,800,Blue
1746,1,0,Top Cleaner,1000,Red
1746,2,1,Top Cleaner,1000,Red
1747,1,1,CleanR,800,Red
1747,2,0,Top Cleaner,800,Blue
1748,1,1,CleanR,1000,Blue
1748,2,0,Top Cleaner,800,Blue
1749,1,1,CleanR,800,Red
1749,2,0,Top Cleaner,800,Red
1750,1,0,Top Cleaner,1000,Red
1750,2,1,Top Cleaner,800,Blue
1751,1,1,CleanR,800,Blue
1751,2,0,CleanR,1000,Red
1752,1,1,CleanR,800,Blue
1752,2,0,CleanR,800,Blue
1753,1,0,CleanR,1000,Red
1753,2,1,Top Cleaner,800,Red
1754,1,0,Top Cleaner,800,Blue
1754,2,1,Top Cleaner,800,Blue
1755,1,1,CleanR,800,Blue
1755,2,0,Top Cleaner,1000,Red
1756,1,0,Top Cleaner,1000,Red
1756,2,1,CleanR,1000,Red
1757,1,1,CleanR,1000,Blue
1757,2,0,Top Cleaner,800,Red
1758,1,0,Top Cleaner,1000,Red
1758,2,1,Top Cleaner,800,Red
1759,1,0,Top Cleaner,800,Blue
1759,2,1,Top Cleaner,1000,Red
1760,1,1,CleanR,1000,Blue
1760,2,0,Top Cleaner,1000,Red
1761,1,1,Top Cleaner,800,Blue
1761,2,0,Top Cleaner,800,Blue
1762,1,0,Top Cleaner,800,Blue
1762,2,1,CleanR,1000,Red
1763,1,0,Top Cleaner,800,Blue
1763,2,1,Top Cleaner,800,Red
1764,1,0,Top Cleaner,1000,Blue
1764,2,1,CleanR,800,Blue
1765,1,0,Top Cleaner,1000,Blue
1765,2,1,CleanR,800,Blue
1766,1,1,CleanR,800,Red
1766,2,0,Top Cleaner,1000,Blue
1767,1,1,CleanR,800,Blue
1767,2,0,CleanR,1000,Red
1768,1,1,Top Cleaner,800,Blue
1768,2,0,Top Cleaner,1000,Blue
1769,1,1,CleanR,800,Red
1769,2,0,Top Cleaner,1000,Blue
1770,1,1,CleanR,800,Blue
1770,2,0,Top Cleaner,1000,Red
1771,1,1,Top Cleaner,800,Red
1771,2,0,Top Cleaner,800,Red
1772,1,0,Top Cleaner,800,Red
1772,2,1,CleanR,1000,Red
1773,1,0,Top Cleaner,1000,Red
1773,2,1,Top Cleaner,1000,Blue
1774,1,0,Top Cleaner,1000,Blue
1774,2,1,Top Cleaner,800,Red
1775,1,1,Top Cleaner,800,Red
1775,2,0,Top Cleaner,800,Blue
1776,1,0,Top Cleaner,1000,Blue
1776,2,1,CleanR,1000,Blue
1777,1,0,Top Cleaner,1000,Blue
1777,2,1,CleanR,1000,Red
1778,1,0,Top Cleaner,1000,Red
1778,2,1,CleanR,800,Red
1779,1,1,Top Cleaner,800,Blue
1779,2,0,Top Cleaner,1000,Blue
1780,1,1,Top Cleaner,800,Blue
1780,2,0,Top Cleaner,1000,Blue
1781,1,1,Top Cleaner,1000,Red
1781,2,0,Top Cleaner,1000,Red
1782,1,0,Top Cleaner,800,Blue
1782,2,1,Top Cleaner,800,Red
1783,1,1,CleanR,800,Red
1783,2,0,Top Cleaner,1000,Blue
1784,1,0,Top Cleaner,1000,Blue
1784,2,1,CleanR,1000,Blue
1785,1,0,Top Cleaner,1000,Red
1785,2,1,Top Cleaner,800,Blue
1786,1,0,Top Cleaner,1000,Blue
1786,2,1,Top Cleaner,800,Blue
1787,1,1,CleanR,800,Blue
1787,2,0,Top Cleaner,800,Blue
1788,1,1,Top Cleaner,800,Blue
1788,2,0,Top Cleaner,800,Blue
1789,1,0,Top Cleaner,800,Blue
1789,2,1,Top Cleaner,800,Red
1790,1,1,CleanR,800,Red
1790,2,0,Top Cleaner,1000,Blue
1791,1,1,Top Cleaner,1000,Red
1791,2,0,Top Cleaner,1000,Red
1792,1,0,Top Cleaner,1000,Red
1792,2,1,Top Cleaner,1000,Blue
1793,1,0,Top Cleaner,800,Blue
1793,2,1,CleanR,800,Blue
1794,1,1,CleanR,800,Red
1794,2,0,Top Cleaner,800,Blue
1795,1,1,Top Cleaner,1000,Red
1795,2,0,Top Cleaner,800,Blue
1796,1,1,Top Cleaner,1000,Blue
1796,2,0,Top Cleaner,1000,Blue
1797,1,1,Top Cleaner,800,Blue
1797,2,0,CleanR,1000,Blue
1798,1,1,CleanR,800,Blue
1798,2,0,Top Cleaner,800,Blue
1799,1,1,Top Cleaner,800,Blue
1799,2,0,Top Cleaner,1000,Blue
1800,1,0,Top Cleaner,800,Blue
1800,2,1,CleanR,1000,Blue
1801,1,1,Top Cleaner,800,Red
1801,2,0,Top Cleaner,1000,Blue
1802,1,0,CleanR,800,Red
1802,2,1,CleanR,800,Red
1803,1,1,Top Cleaner,1000,Blue
1803,2,0,Top Cleaner,800,Blue
1804,1,1,Top Cleaner,1000,Red
1804,2,0,Top Cleaner,800,Blue
1805,1,0,Top Cleaner,800,Red
1805,2,1,CleanR,1000,Blue
1806,1,0,Top Cleaner,800,Blue
1806,2,1,Top Cleaner,800,Blue
1807,1,1,CleanR,800,Blue
1807,2,0,Top Cleaner,1000,Blue
1808,1,1,Top Cleaner,800,Red
1808,2,0,Top Cleaner,800,Blue
1809,1,1,CleanR,800,Blue
1809,2,0,Top Cleaner,800,Blue
1810,1,0,Top Cleaner,1000,Blue
1810,2,1,CleanR,800,Red
1811,1,0,Top Cleaner,800,Blue
1811,2,1,Top Cleaner,800,Blue
1812,1,1,Top Cleaner,800,Red
1812,2,0,Top Cleaner,1000,Blue
1813,1,0,CleanR,800,Blue
1813,2,1,CleanR,1000,Red
1814,1,0,Top Cleaner,800,Red
1814,2,1,Top Cleaner,1000,Red
1815,1,0,Top Cleaner,1000,Blue
1815,2,1,CleanR,800,Blue
1816,1,1,Top Cleaner,800,Blue
1816,2,0,Top Cleaner,1000,Red
1817,1,1,Top Cleaner,800,Blue
1817,2,0,Top Cleaner,1000,Red
1818,1,1,Top Cleaner,800,Red
1818,2,0,Top Cleaner,1000,Red
1819,1,0,Top Cleaner,1000,Blue
1819,2,1,Top Cleaner,1000,Blue
1820,1,1,Top Cleaner,800,Blue
1820,2,0,Top Cleaner,800,Blue
1821,1,0,CleanR,800,Blue
1821,2,1,CleanR,800,Red
1822,1,1,Top Cleaner,1000,Red
1822,2,0,Top Cleaner,1000,Red
1823,1,0,Top Cleaner,800,Blue
1823,2,1,CleanR,1000,Red
1824,1,0,CleanR,1000,Blue
1824,2,1,CleanR,800,Blue
1825,1,0,Top Cleaner,1000,Red
1825,2,1,Top Cleaner,800,Red
1826,1,0,CleanR,1000,Blue
1826,2,1,CleanR,800,Blue
1827,1,0,Top Cleaner,800,Red
1827,2,1,Top Cleaner,800,Blue
1828,1,1,CleanR,800,Blue
1828,2,0,Top Cleaner,1000,Red
1829,1,0,CleanR,1000,Red
1829,2,1,Top Cleaner,800,Blue
1830,1,1,CleanR,800,Red
1830,2,0,Top Cleaner,1000,Red
1831,1,1,CleanR,1000,Red
1831,2,0,Top Cleaner,800,Blue
1832,1,0,Top Cleaner,1000,Blue
1832,2,1,Top Cleaner,800,Blue
1833,1,1,CleanR,800,Red
1833,2,0,Top Cleaner,800,Red
1834,1,0,Top Cleaner,1000,Blue
1834,2,1,Top Cleaner,1000,Blue
1835,1,1,Top Cleaner,1000,Red
1835,2,0,Top Cleaner,800,Blue
1836,1,0,Top Cleaner,1000,Blue
1836,2,1,Top Cleaner,800,Blue
1837,1,1,Top Cleaner,800,Blue
1837,2,0,Top Cleaner,800,Red
1838,1,0,Top Cleaner,1000,Red
1838,2,1,Top Cleaner,800,Red
1839,1,1,CleanR,800,Red
1839,2,0,CleanR,1000,Blue
1840,1,1,CleanR,1000,Red
1840,2,0,Top Cleaner,1000,Red
1841,1,0,Top Cleaner,1000,Blue
1841,2,1,CleanR,800,Blue
1842,1,0,Top Cleaner,1000,Blue
1842,2,1,CleanR,800,Red
1843,1,1,Top Cleaner,800,Blue
1843,2,0,Top Cleaner,1000,Blue
1844,1,0,CleanR,800,Blue
1844,2,1,CleanR,800,Red
1845,1,0,Top Cleaner,800,Blue
1845,2,1,Top Cleaner,800,Blue
1846,1,1,Top Cleaner,800,Blue
1846,2,0,Top Cleaner,800,Blue
1847,1,0,Top Cleaner,800,Blue
1847,2,1,CleanR,800,Blue
1848,1,0,Top Cleaner,1000,Blue
1848,2,1,CleanR,1000,Blue
1849,1,0,CleanR,1000,Blue
1849,2,1,CleanR,800,Blue
1850,1,0,Top Cleaner,800,Red
1850,2,1,CleanR,1000,Blue
1851,1,1,CleanR,800,Red
1851,2,0,Top Cleaner,1000,Blue
1852,1,1,CleanR,800,Blue
1852,2,0,Top Cleaner,800,Blue
1853,1,0,Top Cleaner,1000,Blue
1853,2,1,Top Cleaner,800,Blue
1854,1,0,Top Cleaner,1000,Red
1854,2,1,CleanR,800,Blue
1855,1,1,Top Cleaner,1000,Blue
1855,2,0,Top Cleaner,800,Blue
1856,1,0,Top Cleaner,1000,Red
1856,2,1,Top Cleaner,800,Red
1857,1,1,CleanR,800,Blue
1857,2,0,Top Cleaner,800,Red
1858,1,1,Top Cleaner,1000,Blue
1858,2,0,Top Cleaner,1000,Blue
1859,1,1,Top Cleaner,800,Blue
1859,2,0,Top Cleaner,800,Blue
1860,1,1,CleanR,800,Red
1860,2,0,CleanR,1000,Blue
1861,1,0,Top Cleaner,1000,Blue
1861,2,1,CleanR,800,Blue
1862,1,1,Top Cleaner,1000,Red
1862,2,0,Top Cleaner,1000,Blue
1863,1,0,Top Cleaner,1000,Blue
1863,2,1,Top Cleaner,1000,Blue
1864,1,1,CleanR,800,Blue
1864,2,0,Top Cleaner,800,Blue
1865,1,1,Top Cleaner,800,Blue
1865,2,0,Top Cleaner,1000,Red
1866,1,0,Top Cleaner,800,Red
1866,2,1,CleanR,800,Blue
1867,1,0,Top Cleaner,800,Red
1867,2,1,Top Cleaner,1000,Red
1868,1,1,CleanR,1000,Red
1868,2,0,CleanR,800,Red
1869,1,1,Top Cleaner,800,Blue
1869,2,0,Top Cleaner,800,Blue
1870,1,1,Top Cleaner,1000,Blue
1870,2,0,Top Cleaner,1000,Blue
1871,1,1,Top Cleaner,800,Blue
1871,2,0,Top Cleaner,800,Blue
1872,1,1,CleanR,1000,Red
1872,2,0,Top Cleaner,1000,Blue
1873,1,1,Top Cleaner,1000,Red
1873,2,0,Top Cleaner,1000,Blue
1874,1,0,Top Cleaner,1000,Blue
1874,2,1,CleanR,800,Blue
1875,1,1,Top Cleaner,800,Red
1875,2,0,Top Cleaner,1000,Red
1876,1,1,CleanR,800,Blue
1876,2,0,Top Cleaner,800,Red
1877,1,1,Top Cleaner,800,Red
1877,2,0,Top Cleaner,800,Red
1878,1,0,Top Cleaner,800,Red
1878,2,1,CleanR,800,Blue
1879,1,1,CleanR,800,Blue
1879,2,0,Top Cleaner,800,Red
1880,1,1,Top Cleaner,800,Blue
1880,2,0,Top Cleaner,800,Blue
1881,1,0,CleanR,800,Blue
1881,2,1,CleanR,800,Blue
1882,1,1,Top Cleaner,800,Blue
1882,2,0,Top Cleaner,800,Red
1883,1,1,Top Cleaner,800,Red
1883,2,0,Top Cleaner,800,Blue
1884,1,1,Top Cleaner,1000,Red
1884,2,0,Top Cleaner,1000,Blue
1885,1,1,Top Cleaner,800,Blue
1885,2,0,Top Cleaner,1000,Blue
1886,1,1,CleanR,800,Red
1886,2,0,CleanR,1000,Blue
1887,1,0,Top Cleaner,800,Red
1887,2,1,CleanR,800,Red
1888,1,1,Top Cleaner,800,Red
1888,2,0,Top Cleaner,800,Blue
1889,1,0,Top Cleaner,800,Blue
1889,2,1,Top Cleaner,1000,Blue
1890,1,0,Top Cleaner,1000,Red
1890,2,1,CleanR,1000,Red
1891,1,0,Top Cleaner,800,Red
1891,2,1,CleanR,800,Blue
1892,1,0,CleanR,1000,Blue
1892,2,1,CleanR,800,Red
1893,1,0,Top Cleaner,1000,Blue
1893,2,1,Top Cleaner,1000,Blue
1894,1,0,CleanR,1000,Blue
1894,2,1,Top Cleaner,800,Red
1895,1,0,CleanR,1000,Blue
1895,2,1,CleanR,800,Blue
1896,1,0,Top Cleaner,1000,Blue
1896,2,1,Top Cleaner,800,Red
1897,1,0,Top Cleaner,1000,Red
1897,2,1,CleanR,800,Blue
1898,1,0,CleanR,800,Blue
1898,2,1,CleanR,800,Red
1899,1,1,Top Cleaner,800,Blue
1899,2,0,Top Cleaner,1000,Red
1900,1,1,Top Cleaner,800,Red
1900,2,0,Top Cleaner,800,Blue
1901,1,1,Top Cleaner,1000,Red
1901,2,0,Top Cleaner,1000,Blue
1902,1,0,Top Cleaner,1000,Blue
1902,2,1,CleanR,800,Blue
1903,1,0,Top Cleaner,800,Blue
1903,2,1,CleanR,800,Red
1904,1,1,CleanR,800,Blue
1904,2,0,Top Cleaner,800,Blue
1905,1,1,Top Cleaner,800,Blue
1905,2,0,Top Cleaner,1000,Red
1906,1,0,Top Cleaner,800,Blue
1906,2,1,CleanR,1000,Blue
1907,1,0,Top Cleaner,800,Blue
1907,2,1,CleanR,800,Red
1908,1,1,CleanR,1000,Blue
1908,2,0,Top Cleaner,1000,Red
1909,1,1,Top Cleaner,800,Red
1909,2,0,Top Cleaner,1000,Blue
1910,1,0,Top Cleaner,1000,Red
1910,2,1,Top Cleaner,800,Red
1911,1,0,Top Cleaner,800,Blue
1911,2,1,CleanR,800,Blue
1912,1,1,Top Cleaner,800,Blue
1912,2,0,Top Cleaner,1000,Blue
1913,1,1,Top Cleaner,800,Red
1913,2,0,Top Cleaner,800,Blue
1914,1,1,Top Cleaner,1000,Red
1914,2,0,Top Cleaner,800,Blue
1915,1,0,Top Cleaner,800,Blue
1915,2,1,Top Cleaner,800,Blue
1916,1,1,Top Cleaner,1000,Red
1916,2,0,Top Cleaner,1000,Blue
1917,1,0,Top Cleaner,1000,Blue
1917,2,1,CleanR,1000,Blue
1918,1,0,Top Cleaner,1000,Blue
1918,2,1,Top Cleaner,1000,Red
1919,1,1,CleanR,800,Red
1919,2,0,CleanR,1000,Blue
1920,1,1,Top Cleaner,800,Red
1920,2,0,Top Cleaner,800,Blue
1921,1,1,CleanR,800,Blue
1921,2,0,CleanR,1000,Blue
1922,1,1,Top Cleaner,800,Blue
1922,2,0,Top Cleaner,800,Blue
1923,1,1,CleanR,800,Red
1923,2,0,Top Cleaner,800,Red
1924,1,1,Top Cleaner,1000,Red
1924,2,0,Top Cleaner,800,Blue
1925,1,0,Top Cleaner,1000,Red
1925,2,1,Top Cleaner,800,Blue
1926,1,1,Top Cleaner,800,Red
1926,2,0,Top Cleaner,800,Blue
1927,1,0,Top Cleaner,800,Red
1927,2,1,CleanR,1000,Blue
1928,1,1,Top Cleaner,800,Red
1928,2,0,CleanR,1000,Blue
1929,1,0,Top Cleaner,1000,Blue
1929,2,1,Top Cleaner,800,Blue
1930,1,1,CleanR,800,Red
1930,2,0,Top Cleaner,1000,Blue
1931,1,1,Top Cleaner,1000,Blue
1931,2,0,Top Cleaner,1000,Blue
1932,1,0,Top Cleaner,1000,Blue
1932,2,1,Top Cleaner,800,Red
1933,1,1,Top Cleaner,800,Blue
1933,2,0,Top Cleaner,1000,Blue
1934,1,1,Top Cleaner,800,Blue
1934,2,0,Top Cleaner,1000,Blue
1935,1,0,Top Cleaner,800,Red
1935,2,1,CleanR,1000,Blue
1936,1,0,Top Cleaner,1000,Red
1936,2,1,CleanR,1000,Red
1937,1,0,Top Cleaner,1000,Red
1937,2,1,Top Cleaner,800,Blue
1938,1,1,CleanR,800,Blue
1938,2,0,Top Cleaner,1000,Red
1939,1,1,Top Cleaner,800,Blue
1939,2,0,Top Cleaner,800,Red
1940,1,1,CleanR,800,Blue
1940,2,0,Top Cleaner,1000,Red
1941,1,0,Top Cleaner,800,Blue
1941,2,1,CleanR,800,Blue
1942,1,1,Top Cleaner,800,Red
1942,2,0,CleanR,1000,Blue
1943,1,0,Top Cleaner,800,Blue
1943,2,1,Top Cleaner,1000,Blue
1944,1,1,Top Cleaner,800,Red
1944,2,0,Top Cleaner,1000,Blue
1945,1,0,Top Cleaner,800,Red
1945,2,1,CleanR,1000,Red
1946,1,1,CleanR,800,Red
1946,2,0,Top Cleaner,1000,Red
1947,1,0,Top Cleaner,800,Red
1947,2,1,Top Cleaner,800,Red
1948,1,0,Top Cleaner,800,Blue
1948,2,1,Top Cleaner,800,Blue
1949,1,0,CleanR,800,Blue
1949,2,1,CleanR,800,Blue
1950,1,0,Top Cleaner,1000,Red
1950,2,1,CleanR,800,Blue
1951,1,0,Top Cleaner,1000,Blue
1951,2,1,Top Cleaner,800,Blue
1952,1,1,CleanR,800,Blue
1952,2,0,Top Cleaner,800,Blue
1953,1,0,Top Cleaner,1000,Red
1953,2,1,Top Cleaner,800,Blue
1954,1,0,Top Cleaner,800,Blue
1954,2,1,Top Cleaner,800,Blue
1955,1,1,Top Cleaner,800,Red
1955,2,0,Top Cleaner,800,Blue
1956,1,0,Top Cleaner,1000,Blue
1956,2,1,CleanR,800,Blue
1957,1,0,Top Cleaner,800,Red
1957,2,1,CleanR,800,Red
1958,1,0,CleanR,1000,Blue
1958,2,1,CleanR,800,Blue
1959,1,0,Top Cleaner,800,Blue
1959,2,1,CleanR,800,Red
1960,1,0,Top Cleaner,1000,Blue
1960,2,1,Top Cleaner,800,Blue
1961,1,1,CleanR,800,Blue
1961,2,0,Top Cleaner,1000,Red
1962,1,1,Top Cleaner,800,Blue
1962,2,0,Top Cleaner,1000,Red
1963,1,0,Top Cleaner,1000,Red
1963,2,1,CleanR,800,Red
1964,1,1,Top Cleaner,800,Blue
1964,2,0,Top Cleaner,1000,Red
1965,1,0,Top Cleaner,1000,Blue
1965,2,1,CleanR,800,Blue
1966,1,0,Top Cleaner,1000,Blue
1966,2,1,CleanR,800,Red
1967,1,1,Top Cleaner,800,Red
1967,2,0,Top Cleaner,1000,Blue
1968,1,0,Top Cleaner,1000,Blue
1968,2,1,CleanR,800,Blue
1969,1,1,CleanR,800,Blue
1969,2,0,Top Cleaner,800,Red
1970,1,0,Top Cleaner,1000,Red
1970,2,1,CleanR,800,Blue
1971,1,1,Top Cleaner,800,Blue
1971,2,0,Top Cleaner,800,Blue
1972,1,0,CleanR,800,Blue
1972,2,1,CleanR,800,Red
1973,1,0,Top Cleaner,1000,Red
1973,2,1,Top Cleaner,1000,Blue
1974,1,1,Top Cleaner,800,Red
1974,2,0,Top Cleaner,1000,Blue
1975,1,0,CleanR,800,Blue
1975,2,1,CleanR,1000,Red
1976,1,1,Top Cleaner,800,Red
1976,2,0,Top Cleaner,1000,Red
1977,1,0,Top Cleaner,1000,Red
1977,2,1,Top Cleaner,800,Red
1978,1,1,Top Cleaner,800,Blue
1978,2,0,Top Cleaner,800,Blue
1979,1,1,CleanR,1000,Blue
1979,2,0,Top Cleaner,800,Red
1980,1,0,Top Cleaner,800,Red
1980,2,1,Top Cleaner,800,Red
1981,1,0,CleanR,800,Blue
1981,2,1,CleanR,1000,Red
1982,1,1,Top Cleaner,800,Blue
1982,2,0,Top Cleaner,800,Blue
1983,1,1,Top Cleaner,800,Red
1983,2,0,Top Cleaner,1000,Blue
1984,1,1,Top Cleaner,1000,Red
1984,2,0,Top Cleaner,1000,Blue
1985,1,1,Top Cleaner,800,Blue
1985,2,0,Top Cleaner,1000,Blue
1986,1,0,Top Cleaner,1000,Red
1986,2,1,CleanR,1000,Red
1987,1,0,Top Cleaner,800,Blue
1987,2,1,Top Cleaner,800,Blue
1988,1,0,Top Cleaner,1000,Red
1988,2,1,Top Cleaner,800,Blue
1989,1,0,Top Cleaner,1000,Blue
1989,2,1,Top Cleaner,800,Blue
1990,1,0,Top Cleaner,1000,Blue
1990,2,1,Top Cleaner,1000,Blue
1991,1,1,Top Cleaner,800,Blue
1991,2,0,CleanR,800,Blue
1992,1,1,Top Cleaner,800,Red
1992,2,0,Top Cleaner,1000,Blue
1993,1,1,CleanR,800,Red
1993,2,0,Top Cleaner,800,Blue
1994,1,0,Top Cleaner,800,Blue
1994,2,1,Top Cleaner,800,Blue
1995,1,0,Top Cleaner,800,Blue
1995,2,1,Top Cleaner,800,Blue
1996,1,1,CleanR,800,Blue
1996,2,0,CleanR,1000,Blue
1997,1,1,Top Cleaner,800,Red
1997,2,0,CleanR,1000,Blue
1998,1,0,CleanR,1000,Blue
1998,2,1,CleanR,1000,Red
1999,1,0,Top Cleaner,800,Blue
1999,2,1,CleanR,800,Blue
2000,1,0,Top Cleaner,1000,Red
2000,2,1,CleanR,1000,Blue
2001,1,0,Top Cleaner,1000,Blue
2001,2,1,Top Cleaner,1000,Blue
2002,1,1,Top Cleaner,800,Blue
2002,2,0,Top Cleaner,800,Blue
2003,1,0,Top Cleaner,800,Red
2003,2,1,Top Cleaner,800,Red
2004,1,1,Top Cleaner,800,Blue
2004,2,0,Top Cleaner,800,Blue
2005,1,1,Top Cleaner,800,Blue
2005,2,0,Top Cleaner,1000,Red
2006,1,0,Top Cleaner,800,Blue
2006,2,1,CleanR,800,Red
2007,1,1,Top Cleaner,800,Red
2007,2,0,Top Cleaner,800,Red
2008,1,0,Top Cleaner,1000,Red
2008,2,1,CleanR,1000,Blue
2009,1,0,Top Cleaner,1000,Red
2009,2,1,CleanR,1000,Red
2010,1,0,Top Cleaner,800,Blue
2010,2,1,Top Cleaner,1000,Red
2011,1,1,CleanR,800,Red
2011,2,0,Top Cleaner,1000,Blue
2012,1,1,Top Cleaner,800,Red
2012,2,0,Top Cleaner,1000,Blue
2013,1,0,Top Cleaner,1000,Red
2013,2,1,CleanR,1000,Blue
2014,1,1,Top Cleaner,800,Blue
2014,2,0,CleanR,1000,Red
2015,1,0,CleanR,800,Blue
2015,2,1,Top Cleaner,800,Red
2016,1,0,Top Cleaner,800,Blue
2016,2,1,CleanR,800,Red
2017,1,0,CleanR,1000,Blue
2017,2,1,CleanR,800,Red
2018,1,1,Top Cleaner,1000,Blue
2018,2,0,Top Cleaner,1000,Blue
2019,1,0,Top Cleaner,1000,Blue
2019,2,1,Top Cleaner,800,Red
2020,1,1,Top Cleaner,800,Red
2020,2,0,CleanR,1000,Red
2021,1,1,CleanR,800,Blue
2021,2,0,CleanR,800,Blue
2022,1,1,Top Cleaner,800,Blue
2022,2,0,Top Cleaner,1000,Blue
2023,1,1,CleanR,1000,Red
2023,2,0,Top Cleaner,800,Blue
2024,1,1,Top Cleaner,800,Red
2024,2,0,Top Cleaner,1000,Blue
2025,1,1,Top Cleaner,1000,Red
2025,2,0,Top Cleaner,800,Blue
2026,1,0,Top Cleaner,800,Blue
2026,2,1,CleanR,800,Blue
2027,1,0,Top Cleaner,1000,Blue
2027,2,1,CleanR,800,Blue
2028,1,1,Top Cleaner,1000,Blue
2028,2,0,Top Cleaner,1000,Red
2029,1,1,Top Cleaner,800,Blue
2029,2,0,Top Cleaner,1000,Red
2030,1,1,CleanR,800,Blue
2030,2,0,Top Cleaner,800,Blue
2031,1,1,Top Cleaner,800,Red
2031,2,0,CleanR,1000,Blue
2032,1,1,Top Cleaner,800,Red
2032,2,0,Top Cleaner,1000,Red
2033,1,1,Top Cleaner,800,Blue
2033,2,0,Top Cleaner,800,Blue
2034,1,1,Top Cleaner,800,Red
2034,2,0,Top Cleaner,800,Blue
2035,1,0,Top Cleaner,800,Blue
2035,2,1,CleanR,1000,Red
2036,1,1,CleanR,800,Blue
2036,2,0,Top Cleaner,800,Blue
2037,1,1,Top Cleaner,800,Red
2037,2,0,Top Cleaner,1000,Blue
2038,1,0,CleanR,1000,Blue
2038,2,1,Top Cleaner,800,Red
2039,1,1,CleanR,1000,Blue
2039,2,0,Top Cleaner,1000,Red
2040,1,1,CleanR,800,Blue
2040,2,0,CleanR,1000,Blue
2041,1,0,Top Cleaner,800,Blue
2041,2,1,CleanR,1000,Blue
2042,1,0,Top Cleaner,1000,Blue
2042,2,1,CleanR,1000,Red
2043,1,1,Top Cleaner,1000,Blue
2043,2,0,Top Cleaner,1000,Blue
2044,1,1,CleanR,800,Blue
2044,2,0,Top Cleaner,1000,Red
2045,1,1,CleanR,1000,Blue
2045,2,0,CleanR,1000,Red
2046,1,1,CleanR,1000,Blue
2046,2,0,Top Cleaner,800,Red
2047,1,0,CleanR,1000,Blue
2047,2,1,Top Cleaner,800,Blue
2048,1,1,Top Cleaner,800,Red
2048,2,0,Top Cleaner,800,Blue
2049,1,0,Top Cleaner,1000,Blue
2049,2,1,Top Cleaner,1000,Red
2050,1,1,Top Cleaner,800,Blue
2050,2,0,Top Cleaner,1000,Red
2051,1,1,Top Cleaner,800,Blue
2051,2,0,Top Cleaner,1000,Red
2052,1,1,Top Cleaner,800,Red
2052,2,0,Top Cleaner,800,Blue
2053,1,1,CleanR,800,Red
2053,2,0,Top Cleaner,800,Blue
2054,1,1,Top Cleaner,1000,Red
2054,2,0,Top Cleaner,1000,Red
2055,1,1,CleanR,800,Blue
2055,2,0,Top Cleaner,800,Red
2056,1,1,Top Cleaner,1000,Blue
2056,2,0,Top Cleaner,800,Blue
2057,1,1,Top Cleaner,1000,Red
2057,2,0,Top Cleaner,1000,Blue
2058,1,1,CleanR,800,Blue
2058,2,0,Top Cleaner,800,Red
2059,1,0,CleanR,800,Blue
2059,2,1,CleanR,800,Red
2060,1,0,Top Cleaner,800,Blue
2060,2,1,CleanR,1000,Red
2061,1,1,Top Cleaner,800,Blue
2061,2,0,Top Cleaner,800,Blue
2062,1,1,CleanR,800,Red
2062,2,0,CleanR,1000,Red
2063,1,0,Top Cleaner,800,Red
2063,2,1,Top Cleaner,800,Blue
2064,1,0,CleanR,800,Blue
2064,2,1,CleanR,800,Red
2065,1,0,Top Cleaner,800,Blue
2065,2,1,Top Cleaner,800,Red
2066,1,0,Top Cleaner,800,Blue
2066,2,1,Top Cleaner,1000,Red
2067,1,0,Top Cleaner,1000,Blue
2067,2,1,Top Cleaner,800,Blue
2068,1,0,Top Cleaner,1000,Blue
2068,2,1,Top Cleaner,1000,Red
2069,1,1,CleanR,800,Blue
2069,2,0,CleanR,1000,Blue
2070,1,1,CleanR,800,Red
2070,2,0,Top Cleaner,800,Blue
2071,1,0,Top Cleaner,1000,Blue
2071,2,1,CleanR,1000,Red
2072,1,1,CleanR,800,Red
2072,2,0,Top Cleaner,1000,Blue
2073,1,0,Top Cleaner,800,Blue
2073,2,1,Top Cleaner,800,Red
2074,1,0,Top Cleaner,800,Red
2074,2,1,CleanR,1000,Red
2075,1,0,Top Cleaner,1000,Blue
2075,2,1,Top Cleaner,1000,Red
2076,1,1,CleanR,800,Red
2076,2,0,Top Cleaner,1000,Blue
2077,1,0,Top Cleaner,800,Red
2077,2,1,CleanR,800,Red
2078,1,1,Top Cleaner,800,Red
2078,2,0,Top Cleaner,800,Blue
2079,1,1,CleanR,800,Red
2079,2,0,Top Cleaner,800,Blue
2080,1,0,Top Cleaner,1000,Blue
2080,2,1,Top Cleaner,800,Red
2081,1,1,Top Cleaner,1000,Red
2081,2,0,Top Cleaner,1000,Red
2082,1,0,Top Cleaner,1000,Red
2082,2,1,CleanR,1000,Blue
2083,1,1,CleanR,800,Red
2083,2,0,Top Cleaner,1000,Red
2084,1,0,Top Cleaner,800,Red
2084,2,1,CleanR,800,Red
2085,1,1,Top Cleaner,800,Blue
2085,2,0,CleanR,1000,Blue
2086,1,0,Top Cleaner,1000,Blue
2086,2,1,Top Cleaner,800,Blue
2087,1,0,Top Cleaner,1000,Red
2087,2,1,CleanR,800,Blue
2088,1,1,CleanR,1000,Blue
2088,2,0,Top Cleaner,800,Red
2089,1,0,Top Cleaner,1000,Blue
2089,2,1,CleanR,800,Blue
2090,1,0,Top Cleaner,800,Blue
2090,2,1,Top Cleaner,800,Red
2091,1,1,Top Cleaner,800,Red
2091,2,0,Top Cleaner,1000,Red
2092,1,1,Top Cleaner,1000,Blue
2092,2,0,Top Cleaner,1000,Blue
2093,1,1,Top Cleaner,800,Blue
2093,2,0,Top Cleaner,800,Red
2094,1,0,Top Cleaner,1000,Blue
2094,2,1,Top Cleaner,1000,Blue
2095,1,1,Top Cleaner,1000,Blue
2095,2,0,Top Cleaner,1000,Blue
2096,1,1,CleanR,1000,Blue
2096,2,0,Top Cleaner,800,Red
2097,1,1,CleanR,800,Red
2097,2,0,Top Cleaner,1000,Blue
2098,1,0,Top Cleaner,1000,Red
2098,2,1,Top Cleaner,800,Blue
2099,1,1,Top Cleaner,1000,Blue
2099,2,0,Top Cleaner,800,Blue
2100,1,0,Top Cleaner,800,Red
2100,2,1,Top Cleaner,800,Red
2101,1,1,Top Cleaner,800,Blue
2101,2,0,Top Cleaner,800,Red
2102,1,0,Top Cleaner,800,Blue
2102,2,1,Top Cleaner,800,Blue
2103,1,0,Top Cleaner,800,Blue
2103,2,1,CleanR,1000,Red
2104,1,1,CleanR,800,Blue
2104,2,0,Top Cleaner,1000,Red
2105,1,0,Top Cleaner,1000,Blue
2105,2,1,Top Cleaner,1000,Blue
2106,1,1,CleanR,800,Red
2106,2,0,Top Cleaner,1000,Red
2107,1,1,Top Cleaner,1000,Blue
2107,2,0,Top Cleaner,1000,Blue
2108,1,0,Top Cleaner,800,Red
2108,2,1,CleanR,800,Blue
2109,1,1,CleanR,800,Blue
2109,2,0,Top Cleaner,800,Red
2110,1,0,CleanR,1000,Red
2110,2,1,CleanR,800,Red
2111,1,1,CleanR,800,Blue
2111,2,0,Top Cleaner,800,Blue
2112,1,1,Top Cleaner,1000,Red
2112,2,0,Top Cleaner,1000,Blue
2113,1,0,Top Cleaner,800,Red
2113,2,1,CleanR,800,Blue
2114,1,0,Top Cleaner,800,Red
2114,2,1,Top Cleaner,800,Red
2115,1,0,Top Cleaner,800,Red
2115,2,1,CleanR,800,Red
2116,1,1,Top Cleaner,1000,Blue
2116,2,0,Top Cleaner,1000,Blue
2117,1,1,CleanR,1000,Blue
2117,2,0,Top Cleaner,800,Red
2118,1,1,Top Cleaner,1000,Red
2118,2,0,Top Cleaner,1000,Blue
2119,1,1,CleanR,800,Red
2119,2,0,Top Cleaner,800,Blue
2120,1,1,CleanR,1000,Red
2120,2,0,Top Cleaner,1000,Red
2121,1,1,CleanR,1000,Blue
2121,2,0,Top Cleaner,800,Blue
2122,1,1,Top Cleaner,800,Red
2122,2,0,Top Cleaner,1000,Red
2123,1,1,Top Cleaner,800,Blue
2123,2,0,Top Cleaner,800,Blue
2124,1,0,Top Cleaner,800,Blue
2124,2,1,Top Cleaner,800,Red
2125,1,1,CleanR,1000,Red
2125,2,0,Top Cleaner,800,Blue
2126,1,0,Top Cleaner,1000,Blue
2126,2,1,CleanR,800,Red
2127,1,1,CleanR,1000,Red
2127,2,0,Top Cleaner,800,Blue
2128,1,0,Top Cleaner,800,Red
2128,2,1,Top Cleaner,800,Red
2129,1,0,Top Cleaner,800,Red
2129,2,1,CleanR,800,Red
2130,1,0,CleanR,1000,Blue
2130,2,1,Top Cleaner,800,Blue
2131,1,1,Top Cleaner,800,Blue
2131,2,0,Top Cleaner,1000,Blue
2132,1,0,Top Cleaner,1000,Blue
2132,2,1,Top Cleaner,800,Red
2133,1,0,Top Cleaner,800,Red
2133,2,1,CleanR,1000,Blue
2134,1,1,Top Cleaner,1000,Blue
2134,2,0,Top Cleaner,800,Blue
2135,1,1,Top Cleaner,800,Blue
2135,2,0,CleanR,1000,Red
2136,1,0,Top Cleaner,800,Red
2136,2,1,CleanR,1000,Red
2137,1,0,Top Cleaner,800,Blue
2137,2,1,CleanR,800,Blue
2138,1,1,CleanR,800,Red
2138,2,0,Top Cleaner,1000,Blue
2139,1,1,CleanR,1000,Blue
2139,2,0,Top Cleaner,800,Red
2140,1,1,Top Cleaner,800,Red
2140,2,0,Top Cleaner,1000,Blue
2141,1,1,CleanR,1000,Red
2141,2,0,Top Cleaner,800,Blue
2142,1,1,Top Cleaner,800,Blue
2142,2,0,Top Cleaner,1000,Blue
2143,1,1,Top Cleaner,800,Red
2143,2,0,CleanR,1000,Blue
2144,1,0,Top Cleaner,800,Blue
2144,2,1,CleanR,800,Blue
2145,1,1,Top Cleaner,800,Blue
2145,2,0,Top Cleaner,1000,Blue
2146,1,0,Top Cleaner,1000,Blue
2146,2,1,Top Cleaner,800,Red
2147,1,0,Top Cleaner,800,Red
2147,2,1,CleanR,800,Blue
2148,1,0,Top Cleaner,1000,Blue
2148,2,1,Top Cleaner,800,Blue
2149,1,1,Top Cleaner,800,Blue
2149,2,0,Top Cleaner,800,Blue
2150,1,0,CleanR,1000,Blue
2150,2,1,CleanR,800,Blue
2151,1,0,Top Cleaner,1000,Blue
2151,2,1,CleanR,800,Red
2152,1,1,CleanR,800,Blue
2152,2,0,Top Cleaner,1000,Red
2153,1,1,Top Cleaner,1000,Red
2153,2,0,Top Cleaner,800,Blue
2154,1,0,Top Cleaner,800,Red
2154,2,1,CleanR,800,Blue
2155,1,1,Top Cleaner,800,Red
2155,2,0,Top Cleaner,1000,Blue
2156,1,0,Top Cleaner,1000,Blue
2156,2,1,CleanR,800,Blue
2157,1,1,Top Cleaner,800,Red
2157,2,0,Top Cleaner,800,Blue
2158,1,0,CleanR,800,Blue
2158,2,1,Top Cleaner,800,Blue
2159,1,1,Top Cleaner,800,Red
2159,2,0,Top Cleaner,800,Blue
2160,1,0,Top Cleaner,1000,Red
2160,2,1,Top Cleaner,800,Blue
2161,1,1,CleanR,800,Red
2161,2,0,CleanR,1000,Blue
2162,1,0,Top Cleaner,800,Red
2162,2,1,CleanR,1000,Blue
2163,1,1,Top Cleaner,800,Red
2163,2,0,Top Cleaner,800,Blue
2164,1,0,CleanR,800,Red
2164,2,1,CleanR,800,Blue
2165,1,0,Top Cleaner,800,Blue
2165,2,1,Top Cleaner,1000,Blue
2166,1,0,CleanR,1000,Blue
2166,2,1,CleanR,800,Blue
2167,1,0,Top Cleaner,1000,Blue
2167,2,1,CleanR,800,Red
2168,1,1,CleanR,1000,Blue
2168,2,0,Top Cleaner,800,Blue
2169,1,1,CleanR,1000,Red
2169,2,0,Top Cleaner,800,Red
2170,1,1,Top Cleaner,800,Red
2170,2,0,Top Cleaner,1000,Blue
2171,1,0,Top Cleaner,800,Blue
2171,2,1,CleanR,1000,Blue
2172,1,0,Top Cleaner,800,Blue
2172,2,1,CleanR,800,Blue
2173,1,0,Top Cleaner,1000,Blue
2173,2,1,Top Cleaner,1000,Blue
2174,1,1,Top Cleaner,800,Blue
2174,2,0,CleanR,1000,Blue
2175,1,1,CleanR,800,Blue
2175,2,0,Top Cleaner,800,Blue
2176,1,1,Top Cleaner,1000,Red
2176,2,0,Top Cleaner,1000,Red
2177,1,0,Top Cleaner,800,Blue
2177,2,1,Top Cleaner,800,Blue
2178,1,1,CleanR,800,Blue
2178,2,0,Top Cleaner,800,Blue
2179,1,1,Top Cleaner,1000,Red
2179,2,0,Top Cleaner,1000,Red
2180,1,0,CleanR,800,Blue
2180,2,1,CleanR,800,Blue
2181,1,1,CleanR,800,Red
2181,2,0,Top Cleaner,800,Red
2182,1,0,Top Cleaner,1000,Blue
2182,2,1,Top Cleaner,1000,Red
2183,1,0,Top Cleaner,800,Blue
2183,2,1,Top Cleaner,800,Blue
2184,1,0,Top Cleaner,800,Blue
2184,2,1,Top Cleaner,800,Red
2185,1,1,CleanR,800,Red
2185,2,0,Top Cleaner,800,Red
2186,1,0,Top Cleaner,800,Red
2186,2,1,CleanR,800,Red
2187,1,1,CleanR,1000,Blue
2187,2,0,Top Cleaner,1000,Blue
2188,1,1,CleanR,1000,Blue
2188,2,0,Top Cleaner,800,Blue
2189,1,1,Top Cleaner,800,Red
2189,2,0,Top Cleaner,800,Red
2190,1,1,CleanR,800,Blue
2190,2,0,CleanR,1000,Blue
2191,1,1,Top Cleaner,800,Red
2191,2,0,CleanR,800,Blue
2192,1,1,Top Cleaner,800,Blue
2192,2,0,Top Cleaner,1000,Blue
2193,1,1,Top Cleaner,800,Red
2193,2,0,Top Cleaner,1000,Red
2194,1,1,CleanR,800,Red
2194,2,0,CleanR,1000,Red
2195,1,1,CleanR,1000,Red
2195,2,0,Top Cleaner,1000,Blue
2196,1,1,CleanR,1000,Blue
2196,2,0,Top Cleaner,1000,Red
2197,1,0,Top Cleaner,800,Blue
2197,2,1,CleanR,800,Blue
2198,1,1,Top Cleaner,1000,Red
2198,2,0,Top Cleaner,1000,Blue
2199,1,0,Top Cleaner,800,Red
2199,2,1,CleanR,800,Blue
2200,1,0,Top Cleaner,1000,Blue
2200,2,1,CleanR,800,Blue
2201,1,1,CleanR,800,Red
2201,2,0,CleanR,1000,Red
2202,1,1,CleanR,800,Blue
2202,2,0,Top Cleaner,1000,Blue
2203,1,0,CleanR,1000,Blue
2203,2,1,Top Cleaner,800,Blue
2204,1,0,Top Cleaner,800,Red
2204,2,1,Top Cleaner,800,Red
2205,1,0,Top Cleaner,1000,Red
2205,2,1,CleanR,800,Blue
2206,1,0,Top Cleaner,1000,Blue
2206,2,1,Top Cleaner,800,Blue
2207,1,1,Top Cleaner,1000,Red
2207,2,0,Top Cleaner,1000,Blue
2208,1,1,CleanR,1000,Blue
2208,2,0,Top Cleaner,1000,Red
2209,1,1,Top Cleaner,1000,Blue
2209,2,0,Top Cleaner,800,Red
2210,1,0,Top Cleaner,1000,Red
2210,2,1,CleanR,800,Blue
2211,1,0,Top Cleaner,1000,Blue
2211,2,1,CleanR,1000,Blue
2212,1,1,Top Cleaner,800,Blue
2212,2,0,CleanR,800,Blue
2213,1,0,Top Cleaner,800,Red
2213,2,1,Top Cleaner,1000,Red
2214,1,0,Top Cleaner,800,Blue
2214,2,1,CleanR,1000,Blue
2215,1,1,Top Cleaner,800,Blue
2215,2,0,Top Cleaner,1000,Blue
2216,1,0,Top Cleaner,1000,Red
2216,2,1,CleanR,800,Red
2217,1,1,Top Cleaner,800,Blue
2217,2,0,Top Cleaner,1000,Blue
2218,1,0,Top Cleaner,800,Blue
2218,2,1,CleanR,800,Blue
2219,1,0,Top Cleaner,800,Blue
2219,2,1,Top Cleaner,800,Blue
2220,1,0,Top Cleaner,800,Blue
2220,2,1,CleanR,1000,Blue
2221,1,0,Top Cleaner,1000,Red
2221,2,1,Top Cleaner,1000,Blue
2222,1,0,Top Cleaner,800,Red
2222,2,1,Top Cleaner,800,Red
2223,1,1,CleanR,1000,Red
2223,2,0,Top Cleaner,1000,Blue
2224,1,0,Top Cleaner,800,Red
2224,2,1,CleanR,800,Blue
2225,1,0,CleanR,1000,Blue
2225,2,1,Top Cleaner,800,Red
2226,1,0,Top Cleaner,1000,Red
2226,2,1,Top Cleaner,1000,Red
2227,1,1,Top Cleaner,800,Blue
2227,2,0,Top Cleaner,1000,Blue
2228,1,0,Top Cleaner,800,Red
2228,2,1,CleanR,800,Red
2229,1,1,CleanR,800,Blue
2229,2,0,CleanR,1000,Red
2230,1,1,Top Cleaner,800,Red
2230,2,0,Top Cleaner,800,Blue
2231,1,1,CleanR,800,Blue
2231,2,0,Top Cleaner,1000,Red
2232,1,1,CleanR,1000,Blue
2232,2,0,Top Cleaner,800,Blue
2233,1,1,Top Cleaner,1000,Red
2233,2,0,Top Cleaner,800,Blue
2234,1,1,Top Cleaner,800,Blue
2234,2,0,Top Cleaner,1000,Blue
2235,1,0,Top Cleaner,800,Blue
2235,2,1,Top Cleaner,1000,Red
2236,1,0,Top Cleaner,800,Red
2236,2,1,CleanR,1000,Blue
2237,1,1,CleanR,800,Blue
2237,2,0,Top Cleaner,800,Blue
2238,1,0,Top Cleaner,800,Blue
2238,2,1,Top Cleaner,800,Blue
2239,1,1,Top Cleaner,1000,Blue
2239,2,0,Top Cleaner,1000,Blue
2240,1,1,CleanR,800,Blue
2240,2,0,Top Cleaner,800,Red
2241,1,1,Top Cleaner,800,Red
2241,2,0,Top Cleaner,1000,Red
2242,1,1,Top Cleaner,800,Blue
2242,2,0,Top Cleaner,1000,Blue
2243,1,0,Top Cleaner,1000,Blue
2243,2,1,CleanR,800,Blue
2244,1,1,CleanR,800,Blue
2244,2,0,Top Cleaner,800,Blue
2245,1,1,CleanR,800,Blue
2245,2,0,Top Cleaner,1000,Blue
2246,1,1,CleanR,1000,Red
2246,2,0,Top Cleaner,1000,Red
2247,1,1,Top Cleaner,800,Red
2247,2,0,Top Cleaner,1000,Blue
2248,1,1,CleanR,800,Red
2248,2,0,Top Cleaner,1000,Blue
2249,1,0,Top Cleaner,800,Blue
2249,2,1,Top Cleaner,800,Red
2250,1,0,Top Cleaner,800,Blue
2250,2,1,Top Cleaner,800,Red
2251,1,0,CleanR,800,Blue
2251,2,1,CleanR,800,Red
2252,1,0,CleanR,1000,Red
2252,2,1,CleanR,800,Blue
2253,1,0,Top Cleaner,1000,Blue
2253,2,1,Top Cleaner,800,Red
2254,1,0,CleanR,800,Blue
2254,2,1,Top Cleaner,800,Blue
2255,1,1,Top Cleaner,800,Blue
2255,2,0,Top Cleaner,800,Blue
2256,1,0,Top Cleaner,1000,Blue
2256,2,1,Top Cleaner,800,Blue
2257,1,0,Top Cleaner,1000,Blue
2257,2,1,Top Cleaner,800,Red
2258,1,0,Top Cleaner,800,Blue
2258,2,1,Top Cleaner,800,Red
2259,1,1,Top Cleaner,800,Red
2259,2,0,Top Cleaner,800,Blue
2260,1,1,CleanR,1000,Blue
2260,2,0,Top Cleaner,800,Blue
2261,1,1,Top Cleaner,800,Blue
2261,2,0,Top Cleaner,1000,Blue
2262,1,1,CleanR,800,Red
2262,2,0,Top Cleaner,800,Red
2263,1,0,Top Cleaner,1000,Blue
2263,2,1,Top Cleaner,1000,Blue
2264,1,1,Top Cleaner,1000,Red
2264,2,0,Top Cleaner,1000,Blue
2265,1,0,Top Cleaner,1000,Blue
2265,2,1,Top Cleaner,800,Blue
2266,1,1,Top Cleaner,1000,Blue
2266,2,0,Top Cleaner,1000,Blue
2267,1,1,Top Cleaner,800,Blue
2267,2,0,Top Cleaner,800,Blue
2268,1,1,CleanR,800,Blue
2268,2,0,Top Cleaner,800,Blue
2269,1,1,Top Cleaner,800,Blue
2269,2,0,Top Cleaner,1000,Red
2270,1,0,Top Cleaner,1000,Blue
2270,2,1,Top Cleaner,1000,Blue
2271,1,0,Top Cleaner,800,Red
2271,2,1,Top Cleaner,1000,Blue
2272,1,0,Top Cleaner,1000,Blue
2272,2,1,Top Cleaner,1000,Red
2273,1,1,Top Cleaner,800,Red
2273,2,0,Top Cleaner,800,Blue
2274,1,1,Top Cleaner,1000,Red
2274,2,0,CleanR,1000,Blue
2275,1,1,CleanR,800,Blue
2275,2,0,Top Cleaner,1000,Red
2276,1,1,CleanR,1000,Blue
2276,2,0,Top Cleaner,1000,Blue
2277,1,1,CleanR,800,Blue
2277,2,0,Top Cleaner,800,Red
2278,1,1,Top Cleaner,800,Red
2278,2,0,Top Cleaner,800,Blue
2279,1,0,Top Cleaner,1000,Blue
2279,2,1,Top Cleaner,800,Blue
2280,1,1,Top Cleaner,800,Red
2280,2,0,Top Cleaner,1000,Blue
2281,1,1,Top Cleaner,800,Blue
2281,2,0,Top Cleaner,800,Blue
2282,1,1,CleanR,800,Red
2282,2,0,CleanR,1000,Red
2283,1,1,Top Cleaner,800,Blue
2283,2,0,Top Cleaner,1000,Red
2284,1,0,Top Cleaner,1000,Blue
2284,2,1,Top Cleaner,800,Blue
2285,1,0,Top Cleaner,800,Red
2285,2,1,CleanR,800,Blue
2286,1,1,Top Cleaner,800,Blue
2286,2,0,Top Cleaner,1000,Blue
2287,1,0,Top Cleaner,800,Blue
2287,2,1,Top Cleaner,1000,Blue
2288,1,1,Top Cleaner,1000,Red
2288,2,0,Top Cleaner,800,Red
2289,1,0,Top Cleaner,1000,Red
2289,2,1,Top Cleaner,800,Blue
2290,1,1,Top Cleaner,800,Red
2290,2,0,Top Cleaner,1000,Blue
2291,1,0,Top Cleaner,1000,Blue
2291,2,1,CleanR,1000,Blue
2292,1,1,CleanR,800,Blue
2292,2,0,Top Cleaner,800,Red
2293,1,0,Top Cleaner,800,Blue
2293,2,1,Top Cleaner,800,Blue
2294,1,1,Top Cleaner,1000,Red
2294,2,0,Top Cleaner,800,Blue
2295,1,1,CleanR,800,Red
2295,2,0,Top Cleaner,800,Blue
2296,1,1,Top Cleaner,800,Blue
2296,2,0,Top Cleaner,1000,Blue
2297,1,0,Top Cleaner,800,Blue
2297,2,1,Top Cleaner,800,Red
2298,1,0,CleanR,1000,Blue
2298,2,1,Top Cleaner,800,Red
2299,1,0,Top Cleaner,1000,Blue
2299,2,1,Top Cleaner,1000,Blue
2300,1,1,CleanR,1000,Red
2300,2,0,CleanR,800,Blue
2301,1,0,Top Cleaner,1000,Blue
2301,2,1,Top Cleaner,800,Blue
2302,1,1,CleanR,800,Red
2302,2,0,Top Cleaner,800,Red
2303,1,0,Top Cleaner,800,Blue
2303,2,1,Top Cleaner,800,Red
2304,1,0,Top Cleaner,1000,Red
2304,2,1,Top Cleaner,800,Red
2305,1,1,CleanR,800,Red
2305,2,0,Top Cleaner,800,Red
2306,1,0,Top Cleaner,1000,Blue
2306,2,1,Top Cleaner,800,Blue
2307,1,0,Top Cleaner,1000,Blue
2307,2,1,Top Cleaner,800,Blue
2308,1,0,Top Cleaner,1000,Blue
2308,2,1,Top Cleaner,800,Red
2309,1,0,CleanR,1000,Blue
2309,2,1,Top Cleaner,800,Red
2310,1,1,Top Cleaner,800,Blue
2310,2,0,Top Cleaner,800,Red
2311,1,0,Top Cleaner,800,Blue
2311,2,1,Top Cleaner,1000,Blue
2312,1,0,Top Cleaner,800,Blue
2312,2,1,Top Cleaner,800,Blue
2313,1,0,Top Cleaner,800,Red
2313,2,1,CleanR,800,Red
2314,1,1,Top Cleaner,800,Red
2314,2,0,Top Cleaner,1000,Blue
2315,1,1,Top Cleaner,1000,Red
2315,2,0,Top Cleaner,800,Blue
2316,1,1,CleanR,800,Blue
2316,2,0,Top Cleaner,800,Red
2317,1,1,Top Cleaner,800,Red
2317,2,0,Top Cleaner,1000,Blue
2318,1,1,Top Cleaner,1000,Red
2318,2,0,Top Cleaner,1000,Blue
2319,1,0,Top Cleaner,800,Blue
2319,2,1,CleanR,800,Blue
2320,1,1,Top Cleaner,800,Red
2320,2,0,Top Cleaner,800,Blue
2321,1,1,Top Cleaner,800,Red
2321,2,0,Top Cleaner,1000,Red
2322,1,0,Top Cleaner,800,Blue
2322,2,1,CleanR,800,Blue
2323,1,0,Top Cleaner,1000,Blue
2323,2,1,Top Cleaner,1000,Blue
2324,1,0,Top Cleaner,800,Blue
2324,2,1,CleanR,800,Blue
2325,1,1,Top Cleaner,800,Blue
2325,2,0,Top Cleaner,800,Blue
2326,1,0,Top Cleaner,800,Red
2326,2,1,Top Cleaner,800,Red
2327,1,1,Top Cleaner,1000,Red
2327,2,0,Top Cleaner,800,Red
2328,1,0,Top Cleaner,1000,Red
2328,2,1,CleanR,800,Blue
2329,1,1,Top Cleaner,800,Blue
2329,2,0,Top Cleaner,1000,Red
2330,1,1,Top Cleaner,800,Blue
2330,2,0,Top Cleaner,1000,Red
2331,1,0,Top Cleaner,800,Blue
2331,2,1,Top Cleaner,1000,Blue
2332,1,0,Top Cleaner,800,Red
2332,2,1,CleanR,1000,Blue
2333,1,0,Top Cleaner,1000,Blue
2333,2,1,Top Cleaner,800,Red
2334,1,1,CleanR,800,Blue
2334,2,0,Top Cleaner,1000,Blue
2335,1,1,CleanR,800,Blue
2335,2,0,Top Cleaner,1000,Blue
2336,1,0,Top Cleaner,1000,Blue
2336,2,1,Top Cleaner,800,Red
2337,1,0,Top Cleaner,800,Red
2337,2,1,Top Cleaner,800,Blue
2338,1,1,CleanR,1000,Blue
2338,2,0,CleanR,1000,Blue
2339,1,1,CleanR,800,Blue
2339,2,0,Top Cleaner,800,Red
2340,1,1,CleanR,1000,Blue
2340,2,0,Top Cleaner,1000,Blue
2341,1,1,Top Cleaner,800,Red
2341,2,0,Top Cleaner,1000,Red
2342,1,0,Top Cleaner,1000,Red
2342,2,1,CleanR,1000,Blue
2343,1,1,CleanR,800,Blue
2343,2,0,Top Cleaner,1000,Blue
2344,1,1,CleanR,800,Red
2344,2,0,Top Cleaner,800,Blue
2345,1,0,Top Cleaner,800,Red
2345,2,1,Top Cleaner,800,Red
2346,1,1,Top Cleaner,800,Blue
2346,2,0,Top Cleaner,800,Blue
2347,1,1,Top Cleaner,800,Red
2347,2,0,CleanR,1000,Blue
2348,1,0,Top Cleaner,1000,Red
2348,2,1,Top Cleaner,800,Blue
2349,1,1,Top Cleaner,1000,Blue
2349,2,0,Top Cleaner,1000,Red
2350,1,0,Top Cleaner,1000,Blue
2350,2,1,Top Cleaner,800,Red
2351,1,1,CleanR,800,Red
2351,2,0,Top Cleaner,1000,Blue
2352,1,1,CleanR,1000,Blue
2352,2,0,CleanR,1000,Blue
2353,1,0,Top Cleaner,800,Blue
2353,2,1,Top Cleaner,1000,Blue
2354,1,0,CleanR,800,Blue
2354,2,1,CleanR,800,Red
2355,1,0,Top Cleaner,1000,Red
2355,2,1,CleanR,800,Red
2356,1,0,Top Cleaner,800,Blue
2356,2,1,Top Cleaner,800,Blue
2357,1,0,Top Cleaner,800,Blue
2357,2,1,CleanR,800,Red
2358,1,0,Top Cleaner,800,Blue
2358,2,1,Top Cleaner,1000,Blue
2359,1,0,Top Cleaner,800,Red
2359,2,1,CleanR,1000,Blue
2360,1,0,Top Cleaner,1000,Red
2360,2,1,Top Cleaner,800,Blue
2361,1,0,Top Cleaner,800,Blue
2361,2,1,CleanR,1000,Red
2362,1,1,CleanR,800,Blue
2362,2,0,CleanR,1000,Red
2363,1,1,Top Cleaner,800,Red
2363,2,0,CleanR,1000,Blue
2364,1,1,CleanR,800,Blue
2364,2,0,CleanR,1000,Red
2365,1,0,Top Cleaner,800,Red
2365,2,1,CleanR,1000,Red
2366,1,1,Top Cleaner,800,Blue
2366,2,0,Top Cleaner,1000,Blue
2367,1,1,Top Cleaner,800,Blue
2367,2,0,Top Cleaner,1000,Red
2368,1,1,Top Cleaner,800,Red
2368,2,0,Top Cleaner,1000,Blue
2369,1,0,CleanR,800,Blue
2369,2,1,Top Cleaner,800,Blue
2370,1,0,Top Cleaner,800,Blue
2370,2,1,Top Cleaner,800,Red
2371,1,1,CleanR,1000,Blue
2371,2,0,Top Cleaner,800,Blue
2372,1,1,Top Cleaner,800,Blue
2372,2,0,Top Cleaner,1000,Red
2373,1,0,Top Cleaner,800,Red
2373,2,1,Top Cleaner,800,Blue
2374,1,1,Top Cleaner,800,Blue
2374,2,0,Top Cleaner,1000,Red
2375,1,1,Top Cleaner,1000,Blue
2375,2,0,Top Cleaner,1000,Blue
2376,1,0,Top Cleaner,800,Blue
2376,2,1,Top Cleaner,800,Blue
2377,1,1,CleanR,1000,Blue
2377,2,0,CleanR,1000,Blue
2378,1,1,Top Cleaner,800,Blue
2378,2,0,Top Cleaner,800,Blue
2379,1,1,Top Cleaner,800,Red
2379,2,0,Top Cleaner,1000,Blue
2380,1,1,CleanR,1000,Blue
2380,2,0,Top Cleaner,800,Blue
2381,1,0,Top Cleaner,800,Red
2381,2,1,Top Cleaner,800,Red
2382,1,0,Top Cleaner,1000,Red
2382,2,1,CleanR,800,Red
2383,1,1,CleanR,800,Red
2383,2,0,Top Cleaner,800,Red
2384,1,0,Top Cleaner,1000,Red
2384,2,1,Top Cleaner,1000,Blue
2385,1,1,CleanR,1000,Red
2385,2,0,Top Cleaner,800,Red
2386,1,0,Top Cleaner,1000,Blue
2386,2,1,Top Cleaner,800,Blue
2387,1,0,Top Cleaner,1000,Red
2387,2,1,CleanR,1000,Red
2388,1,0,CleanR,800,Red
2388,2,1,CleanR,800,Red
2389,1,1,Top Cleaner,800,Blue
2389,2,0,Top Cleaner,1000,Blue
2390,1,1,CleanR,1000,Red
2390,2,0,Top Cleaner,1000,Red
2391,1,1,Top Cleaner,800,Red
2391,2,0,Top Cleaner,800,Blue
2392,1,1,Top Cleaner,800,Blue
2392,2,0,Top Cleaner,1000,Blue
2393,1,0,Top Cleaner,1000,Blue
2393,2,1,CleanR,1000,Blue
2394,1,0,Top Cleaner,800,Blue
2394,2,1,Top Cleaner,800,Blue
2395,1,1,CleanR,800,Red
2395,2,0,Top Cleaner,1000,Red
2396,1,1,CleanR,800,Red
2396,2,0,Top Cleaner,800,Red
2397,1,1,Top Cleaner,800,Red
2397,2,0,Top Cleaner,1000,Blue
2398,1,1,Top Cleaner,800,Red
2398,2,0,CleanR,1000,Blue
2399,1,1,Top Cleaner,800,Blue
2399,2,0,Top Cleaner,800,Blue
2400,1,0,CleanR,1000,Blue
2400,2,1,Top Cleaner,800,Blue
2401,1,1,CleanR,800,Red
2401,2,0,Top Cleaner,800,Red
2402,1,0,Top Cleaner,800,Blue
2402,2,1,Top Cleaner,800,Red
2403,1,1,Top Cleaner,800,Blue
2403,2,0,Top Cleaner,1000,Red
2404,1,1,CleanR,1000,Blue
2404,2,0,CleanR,1000,Blue
2405,1,1,CleanR,800,Red
2405,2,0,Top Cleaner,800,Blue
2406,1,0,Top Cleaner,800,Red
2406,2,1,Top Cleaner,800,Red
2407,1,0,Top Cleaner,1000,Blue
2407,2,1,CleanR,1000,Blue
2408,1,1,Top Cleaner,800,Red
2408,2,0,Top Cleaner,800,Blue
2409,1,1,CleanR,800,Blue
2409,2,0,Top Cleaner,1000,Blue
2410,1,0,Top Cleaner,1000,Blue
2410,2,1,Top Cleaner,800,Blue
2411,1,1,CleanR,1000,Blue
2411,2,0,Top Cleaner,1000,Blue
2412,1,1,Top Cleaner,1000,Red
2412,2,0,Top Cleaner,1000,Blue
2413,1,1,Top Cleaner,800,Blue
2413,2,0,Top Cleaner,800,Blue
2414,1,0,Top Cleaner,800,Blue
2414,2,1,Top Cleaner,800,Red
2415,1,1,CleanR,1000,Blue
2415,2,0,CleanR,1000,Blue
2416,1,1,Top Cleaner,800,Red
2416,2,0,CleanR,1000,Blue
2417,1,0,Top Cleaner,1000,Blue
2417,2,1,Top Cleaner,800,Blue
2418,1,0,Top Cleaner,800,Blue
2418,2,1,Top Cleaner,800,Red
2419,1,1,Top Cleaner,800,Red
2419,2,0,Top Cleaner,1000,Blue
2420,1,0,Top Cleaner,800,Blue
2420,2,1,Top Cleaner,800,Blue
2421,1,0,Top Cleaner,800,Blue
2421,2,1,Top Cleaner,800,Red
2422,1,1,CleanR,800,Blue
2422,2,0,CleanR,1000,Blue
2423,1,0,Top Cleaner,800,Blue
2423,2,1,Top Cleaner,800,Red
2424,1,0,Top Cleaner,1000,Red
2424,2,1,Top Cleaner,800,Red
2425,1,1,Top Cleaner,800,Blue
2425,2,0,Top Cleaner,1000,Blue
2426,1,1,Top Cleaner,1000,Red
2426,2,0,Top Cleaner,1000,Red
2427,1,0,Top Cleaner,1000,Blue
2427,2,1,CleanR,1000,Red
2428,1,1,CleanR,800,Red
2428,2,0,CleanR,1000,Red
2429,1,0,Top Cleaner,800,Blue
2429,2,1,CleanR,800,Blue
2430,1,1,CleanR,800,Red
2430,2,0,Top Cleaner,800,Blue
2431,1,1,CleanR,1000,Blue
2431,2,0,Top Cleaner,1000,Blue
2432,1,1,Top Cleaner,800,Red
2432,2,0,Top Cleaner,800,Blue
2433,1,0,Top Cleaner,800,Blue
2433,2,1,CleanR,1000,Blue
2434,1,0,CleanR,800,Red
2434,2,1,CleanR,800,Red
2435,1,0,Top Cleaner,800,Blue
2435,2,1,CleanR,800,Red
2436,1,0,Top Cleaner,1000,Blue
2436,2,1,CleanR,1000,Blue
2437,1,0,Top Cleaner,800,Blue
2437,2,1,CleanR,800,Red
2438,1,1,Top Cleaner,800,Blue
2438,2,0,Top Cleaner,800,Blue
2439,1,0,Top Cleaner,800,Blue
2439,2,1,CleanR,800,Blue
2440,1,1,CleanR,800,Blue
2440,2,0,Top Cleaner,800,Blue
2441,1,0,Top Cleaner,1000,Red
2441,2,1,Top Cleaner,1000,Red
2442,1,1,Top Cleaner,800,Blue
2442,2,0,Top Cleaner,1000,Red
2443,1,0,Top Cleaner,800,Red
2443,2,1,CleanR,1000,Blue
2444,1,1,Top Cleaner,800,Red
2444,2,0,Top Cleaner,800,Blue
2445,1,0,Top Cleaner,1000,Blue
2445,2,1,Top Cleaner,800,Blue
2446,1,0,CleanR,1000,Blue
2446,2,1,CleanR,800,Red
2447,1,1,Top Cleaner,1000,Red
2447,2,0,Top Cleaner,800,Blue
2448,1,0,Top Cleaner,800,Blue
2448,2,1,CleanR,1000,Red
2449,1,1,Top Cleaner,800,Blue
2449,2,0,Top Cleaner,800,Red
2450,1,0,Top Cleaner,1000,Red
2450,2,1,Top Cleaner,800,Blue
2451,1,1,CleanR,1000,Blue
2451,2,0,Top Cleaner,1000,Red
2452,1,1,Top Cleaner,800,Blue
2452,2,0,Top Cleaner,1000,Red
2453,1,0,Top Cleaner,1000,Blue
2453,2,1,CleanR,800,Blue
2454,1,1,CleanR,800,Red
2454,2,0,CleanR,800,Blue
2455,1,1,CleanR,800,Red
2455,2,0,Top Cleaner,1000,Red
2456,1,1,CleanR,800,Blue
2456,2,0,Top Cleaner,1000,Blue
2457,1,0,Top Cleaner,800,Blue
2457,2,1,Top Cleaner,800,Blue
2458,1,0,Top Cleaner,800,Blue
2458,2,1,CleanR,1000,Blue
2459,1,0,Top Cleaner,1000,Red
2459,2,1,CleanR,1000,Red
2460,1,0,Top Cleaner,800,Red
2460,2,1,Top Cleaner,1000,Red
2461,1,0,Top Cleaner,1000,Red
2461,2,1,Top Cleaner,1000,Red
2462,1,0,Top Cleaner,800,Red
2462,2,1,Top Cleaner,800,Red
2463,1,0,CleanR,1000,Blue
2463,2,1,CleanR,800,Red
2464,1,0,Top Cleaner,1000,Blue
2464,2,1,CleanR,800,Red
2465,1,1,Top Cleaner,1000,Red
2465,2,0,Top Cleaner,800,Red
2466,1,0,Top Cleaner,800,Blue
2466,2,1,CleanR,1000,Blue
2467,1,1,Top Cleaner,800,Blue
2467,2,0,Top Cleaner,1000,Red
2468,1,1,Top Cleaner,800,Red
2468,2,0,Top Cleaner,1000,Blue
2469,1,0,Top Cleaner,1000,Red
2469,2,1,Top Cleaner,800,Red
2470,1,1,Top Cleaner,800,Red
2470,2,0,Top Cleaner,800,Red
2471,1,0,Top Cleaner,800,Blue
2471,2,1,Top Cleaner,800,Red
2472,1,0,Top Cleaner,1000,Blue
2472,2,1,Top Cleaner,800,Blue
2473,1,0,Top Cleaner,800,Blue
2473,2,1,Top Cleaner,800,Red
2474,1,1,Top Cleaner,800,Red
2474,2,0,CleanR,1000,Blue
2475,1,1,Top Cleaner,800,Red
2475,2,0,Top Cleaner,800,Red
2476,1,1,Top Cleaner,800,Red
2476,2,0,Top Cleaner,1000,Blue
2477,1,1,CleanR,800,Red
2477,2,0,CleanR,800,Red
2478,1,0,Top Cleaner,800,Blue
2478,2,1,CleanR,1000,Red
2479,1,1,CleanR,800,Blue
2479,2,0,Top Cleaner,1000,Blue
2480,1,0,Top Cleaner,800,Blue
2480,2,1,CleanR,800,Red
2481,1,0,Top Cleaner,1000,Blue
2481,2,1,Top Cleaner,1000,Red
2482,1,1,Top Cleaner,1000,Blue
2482,2,0,Top Cleaner,800,Blue
2483,1,1,CleanR,1000,Blue
2483,2,0,Top Cleaner,800,Blue
2484,1,0,Top Cleaner,1000,Blue
2484,2,1,Top Cleaner,1000,Red
2485,1,0,CleanR,800,Blue
2485,2,1,Top Cleaner,800,Blue
2486,1,0,Top Cleaner,1000,Blue
2486,2,1,CleanR,1000,Blue
2487,1,0,Top Cleaner,800,Red
2487,2,1,Top Cleaner,800,Red
2488,1,0,Top Cleaner,800,Blue
2488,2,1,CleanR,1000,Blue
2489,1,1,Top Cleaner,800,Blue
2489,2,0,Top Cleaner,1000,Blue
2490,1,1,CleanR,800,Blue
2490,2,0,CleanR,1000,Blue
2491,1,0,CleanR,800,Blue
2491,2,1,CleanR,800,Blue
2492,1,1,Top Cleaner,800,Red
2492,2,0,Top Cleaner,1000,Blue
2493,1,1,Top Cleaner,800,Red
2493,2,0,CleanR,1000,Blue
2494,1,1,CleanR,800,Red
2494,2,0,Top Cleaner,1000,Blue
2495,1,0,CleanR,800,Blue
2495,2,1,CleanR,800,Red
2496,1,0,CleanR,1000,Red
2496,2,1,Top Cleaner,800,Blue
2497,1,1,CleanR,800,Red
2497,2,0,Top Cleaner,800,Red
2498,1,1,Top Cleaner,800,Blue
2498,2,0,Top Cleaner,1000,Blue
2499,1,1,Top Cleaner,800,Red
2499,2,0,CleanR,1000,Blue
2500,1,1,Top Cleaner,800,Blue
2500,2,0,Top Cleaner,1000,Blue
2501,1,1,CleanR,800,Blue
2501,2,0,Top Cleaner,800,Red
2502,1,0,Top Cleaner,1000,Blue
2502,2,1,CleanR,1000,Red
2503,1,1,CleanR,1000,Blue
2503,2,0,Top Cleaner,800,Blue
2504,1,1,Top Cleaner,800,Blue
2504,2,0,Top Cleaner,1000,Blue
2505,1,0,Top Cleaner,1000,Blue
2505,2,1,CleanR,800,Red
2506,1,1,Top Cleaner,800,Red
2506,2,0,Top Cleaner,800,Red
2507,1,0,Top Cleaner,1000,Blue
2507,2,1,CleanR,1000,Red
2508,1,1,CleanR,800,Red
2508,2,0,Top Cleaner,800,Blue
2509,1,1,CleanR,800,Blue
2509,2,0,Top Cleaner,800,Blue
2510,1,0,Top Cleaner,800,Red
2510,2,1,Top Cleaner,800,Red
2511,1,0,Top Cleaner,1000,Red
2511,2,1,CleanR,800,Red
2512,1,0,Top Cleaner,800,Blue
2512,2,1,Top Cleaner,1000,Red
2513,1,0,Top Cleaner,1000,Blue
2513,2,1,CleanR,1000,Blue
2514,1,0,Top Cleaner,800,Red
2514,2,1,Top Cleaner,800,Red
2515,1,1,CleanR,800,Red
2515,2,0,CleanR,1000,Blue
2516,1,1,Top Cleaner,800,Blue
2516,2,0,Top Cleaner,800,Blue
2517,1,0,Top Cleaner,1000,Blue
2517,2,1,Top Cleaner,1000,Red
2518,1,1,Top Cleaner,800,Blue
2518,2,0,Top Cleaner,1000,Blue
2519,1,1,Top Cleaner,800,Red
2519,2,0,Top Cleaner,800,Red
2520,1,0,Top Cleaner,800,Red
2520,2,1,Top Cleaner,800,Blue
2521,1,0,CleanR,1000,Blue
2521,2,1,Top Cleaner,1000,Red
2522,1,0,Top Cleaner,800,Blue
2522,2,1,Top Cleaner,800,Blue
2523,1,1,CleanR,800,Red
2523,2,0,Top Cleaner,800,Blue
2524,1,0,Top Cleaner,800,Red
2524,2,1,Top Cleaner,800,Red
2525,1,0,Top Cleaner,1000,Blue
2525,2,1,Top Cleaner,1000,Red
2526,1,1,CleanR,800,Red
2526,2,0,Top Cleaner,1000,Blue
2527,1,1,Top Cleaner,800,Red
2527,2,0,Top Cleaner,800,Blue
2528,1,0,Top Cleaner,1000,Blue
2528,2,1,CleanR,1000,Red
2529,1,0,Top Cleaner,800,Blue
2529,2,1,Top Cleaner,800,Blue
2530,1,1,CleanR,800,Blue
2530,2,0,Top Cleaner,1000,Blue
2531,1,1,CleanR,1000,Red
2531,2,0,Top Cleaner,800,Blue
2532,1,1,Top Cleaner,800,Blue
2532,2,0,Top Cleaner,800,Blue
2533,1,0,Top Cleaner,1000,Red
2533,2,1,CleanR,800,Red
2534,1,1,Top Cleaner,800,Blue
2534,2,0,Top Cleaner,800,Blue
2535,1,1,CleanR,800,Blue
2535,2,0,Top Cleaner,800,Blue
2536,1,1,Top Cleaner,800,Red
2536,2,0,CleanR,1000,Blue
2537,1,0,Top Cleaner,800,Blue
2537,2,1,Top Cleaner,1000,Red
2538,1,0,CleanR,800,Blue
2538,2,1,CleanR,800,Blue
2539,1,1,CleanR,800,Blue
2539,2,0,Top Cleaner,800,Red
2540,1,1,CleanR,800,Blue
2540,2,0,Top Cleaner,800,Blue
2541,1,1,CleanR,1000,Blue
2541,2,0,Top Cleaner,800,Red
2542,1,0,Top Cleaner,800,Red
2542,2,1,CleanR,1000,Blue
2543,1,0,CleanR,1000,Blue
2543,2,1,Top Cleaner,800,Red
2544,1,1,CleanR,800,Red
2544,2,0,CleanR,800,Blue
2545,1,1,Top Cleaner,800,Red
2545,2,0,Top Cleaner,1000,Blue
2546,1,0,CleanR,800,Blue
2546,2,1,Top Cleaner,800,Red
2547,1,0,Top Cleaner,1000,Red
2547,2,1,Top Cleaner,800,Red
2548,1,1,CleanR,800,Blue
2548,2,0,Top Cleaner,800,Red
2549,1,1,Top Cleaner,1000,Blue
2549,2,0,Top Cleaner,1000,Blue
2550,1,0,Top Cleaner,800,Red
2550,2,1,CleanR,1000,Red
2551,1,1,Top Cleaner,800,Blue
2551,2,0,Top Cleaner,800,Red
2552,1,0,Top Cleaner,1000,Red
2552,2,1,CleanR,1000,Blue
2553,1,0,Top Cleaner,800,Red
2553,2,1,CleanR,800,Red
2554,1,0,Top Cleaner,1000,Blue
2554,2,1,CleanR,1000,Red
2555,1,1,CleanR,800,Blue
2555,2,0,Top Cleaner,800,Red
2556,1,0,Top Cleaner,1000,Blue
2556,2,1,Top Cleaner,1000,Blue
2557,1,1,Top Cleaner,800,Blue
2557,2,0,Top Cleaner,800,Blue
2558,1,1,Top Cleaner,800,Blue
2558,2,0,Top Cleaner,800,Blue
2559,1,1,Top Cleaner,800,Red
2559,2,0,Top Cleaner,1000,Blue
2560,1,1,Top Cleaner,800,Blue
2560,2,0,Top Cleaner,1000,Blue
2561,1,1,Top Cleaner,800,Blue
2561,2,0,Top Cleaner,1000,Red
2562,1,1,CleanR,1000,Red
2562,2,0,Top Cleaner,1000,Red
2563,1,1,Top Cleaner,800,Blue
2563,2,0,Top Cleaner,800,Blue
2564,1,1,Top Cleaner,800,Blue
2564,2,0,Top Cleaner,1000,Red
2565,1,1,Top Cleaner,800,Blue
2565,2,0,Top Cleaner,1000,Blue
2566,1,1,CleanR,1000,Blue
2566,2,0,Top Cleaner,1000,Blue
2567,1,1,Top Cleaner,800,Red
2567,2,0,Top Cleaner,800,Blue
2568,1,0,Top Cleaner,800,Blue
2568,2,1,Top Cleaner,800,Red
2569,1,1,Top Cleaner,1000,Blue
2569,2,0,Top Cleaner,800,Blue
2570,1,1,CleanR,1000,Blue
2570,2,0,CleanR,1000,Blue
2571,1,0,Top Cleaner,1000,Blue
2571,2,1,CleanR,1000,Red
2572,1,1,Top Cleaner,1000,Blue
2572,2,0,Top Cleaner,1000,Blue
2573,1,0,Top Cleaner,1000,Blue
2573,2,1,CleanR,1000,Blue
2574,1,0,Top Cleaner,800,Red
2574,2,1,CleanR,800,Blue
2575,1,0,Top Cleaner,800,Blue
2575,2,1,CleanR,800,Blue
2576,1,0,Top Cleaner,1000,Blue
2576,2,1,Top Cleaner,800,Red
2577,1,0,Top Cleaner,800,Red
2577,2,1,CleanR,800,Blue
2578,1,0,Top Cleaner,800,Blue
2578,2,1,Top Cleaner,1000,Blue
2579,1,1,Top Cleaner,800,Red
2579,2,0,Top Cleaner,1000,Red
2580,1,1,CleanR,800,Blue
2580,2,0,Top Cleaner,1000,Blue
2581,1,1,CleanR,1000,Blue
2581,2,0,Top Cleaner,1000,Red
2582,1,1,Top Cleaner,1000,Blue
2582,2,0,Top Cleaner,1000,Blue
2583,1,1,CleanR,1000,Blue
2583,2,0,Top Cleaner,800,Blue
2584,1,1,Top Cleaner,1000,Blue
2584,2,0,Top Cleaner,800,Blue
2585,1,0,Top Cleaner,1000,Blue
2585,2,1,Top Cleaner,1000,Red
2586,1,1,Top Cleaner,800,Red
2586,2,0,Top Cleaner,1000,Blue
2587,1,1,CleanR,800,Red
2587,2,0,CleanR,800,Blue
2588,1,1,CleanR,800,Blue
2588,2,0,Top Cleaner,1000,Blue
2589,1,0,Top Cleaner,800,Blue
2589,2,1,CleanR,1000,Red
2590,1,1,Top Cleaner,1000,Red
2590,2,0,Top Cleaner,1000,Blue
2591,1,0,Top Cleaner,800,Blue
2591,2,1,CleanR,800,Blue
2592,1,1,CleanR,1000,Blue
2592,2,0,Top Cleaner,1000,Blue
2593,1,1,Top Cleaner,800,Red
2593,2,0,Top Cleaner,800,Blue
2594,1,0,Top Cleaner,800,Blue
2594,2,1,Top Cleaner,1000,Red
2595,1,1,Top Cleaner,800,Red
2595,2,0,Top Cleaner,800,Blue
2596,1,0,CleanR,800,Blue
2596,2,1,Top Cleaner,800,Red
2597,1,0,Top Cleaner,800,Blue
2597,2,1,Top Cleaner,1000,Red
2598,1,1,CleanR,1000,Red
2598,2,0,Top Cleaner,1000,Blue
2599,1,1,CleanR,800,Blue
2599,2,0,Top Cleaner,1000,Blue
2600,1,1,Top Cleaner,800,Blue
2600,2,0,Top Cleaner,800,Red
2601,1,1,Top Cleaner,800,Blue
2601,2,0,Top Cleaner,1000,Blue
2602,1,0,Top Cleaner,800,Red
2602,2,1,CleanR,800,Blue
2603,1,0,Top Cleaner,800,Blue
2603,2,1,CleanR,800,Red
2604,1,1,CleanR,800,Red
2604,2,0,Top Cleaner,800,Red
2605,1,0,Top Cleaner,1000,Red
2605,2,1,CleanR,1000,Red
2606,1,0,Top Cleaner,1000,Blue
2606,2,1,CleanR,1000,Blue
2607,1,1,Top Cleaner,800,Blue
2607,2,0,Top Cleaner,800,Blue
2608,1,0,Top Cleaner,800,Blue
2608,2,1,CleanR,800,Red
2609,1,0,Top Cleaner,1000,Blue
2609,2,1,Top Cleaner,1000,Blue
2610,1,0,Top Cleaner,1000,Red
2610,2,1,Top Cleaner,800,Red
2611,1,1,CleanR,800,Red
2611,2,0,Top Cleaner,800,Blue
2612,1,1,Top Cleaner,800,Red
2612,2,0,Top Cleaner,800,Blue
2613,1,0,Top Cleaner,1000,Blue
2613,2,1,CleanR,800,Red
2614,1,1,Top Cleaner,800,Blue
2614,2,0,Top Cleaner,1000,Blue
2615,1,0,Top Cleaner,1000,Red
2615,2,1,Top Cleaner,800,Red
2616,1,1,CleanR,800,Blue
2616,2,0,Top Cleaner,1000,Red
2617,1,1,Top Cleaner,800,Red
2617,2,0,Top Cleaner,800,Blue
2618,1,0,Top Cleaner,1000,Blue
2618,2,1,CleanR,800,Red
2619,1,0,Top Cleaner,800,Blue
2619,2,1,CleanR,1000,Blue
2620,1,1,CleanR,800,Red
2620,2,0,CleanR,1000,Red
2621,1,1,CleanR,800,Red
2621,2,0,Top Cleaner,800,Red
2622,1,0,Top Cleaner,800,Red
2622,2,1,CleanR,1000,Red
2623,1,1,Top Cleaner,800,Blue
2623,2,0,Top Cleaner,1000,Red
2624,1,1,Top Cleaner,1000,Red
2624,2,0,Top Cleaner,800,Blue
2625,1,1,CleanR,800,Blue
2625,2,0,Top Cleaner,800,Red
2626,1,1,Top Cleaner,800,Blue
2626,2,0,Top Cleaner,1000,Blue
2627,1,0,Top Cleaner,800,Red
2627,2,1,CleanR,800,Red
2628,1,1,Top Cleaner,1000,Blue
2628,2,0,Top Cleaner,800,Blue
2629,1,0,Top Cleaner,1000,Blue
2629,2,1,Top Cleaner,800,Red
2630,1,0,Top Cleaner,800,Red
2630,2,1,Top Cleaner,800,Red
2631,1,0,Top Cleaner,1000,Red
2631,2,1,CleanR,1000,Red
2632,1,1,CleanR,800,Blue
2632,2,0,Top Cleaner,800,Blue
2633,1,0,Top Cleaner,1000,Blue
2633,2,1,Top Cleaner,1000,Blue
2634,1,0,Top Cleaner,800,Blue
2634,2,1,Top Cleaner,800,Blue
2635,1,0,Top Cleaner,800,Red
2635,2,1,Top Cleaner,1000,Red
2636,1,0,Top Cleaner,800,Blue
2636,2,1,CleanR,800,Blue
2637,1,1,CleanR,800,Red
2637,2,0,Top Cleaner,800,Red
2638,1,0,Top Cleaner,800,Blue
2638,2,1,CleanR,800,Red
2639,1,0,Top Cleaner,800,Blue
2639,2,1,CleanR,800,Red
2640,1,1,Top Cleaner,800,Red
2640,2,0,Top Cleaner,800,Blue
2641,1,0,Top Cleaner,800,Blue
2641,2,1,Top Cleaner,800,Red
2642,1,0,CleanR,800,Red
2642,2,1,CleanR,800,Blue
2643,1,0,Top Cleaner,800,Red
2643,2,1,Top Cleaner,800,Red
2644,1,1,Top Cleaner,1000,Red
2644,2,0,Top Cleaner,1000,Blue
2645,1,1,CleanR,800,Red
2645,2,0,Top Cleaner,800,Blue
2646,1,0,CleanR,800,Blue
2646,2,1,Top Cleaner,800,Blue
2647,1,1,CleanR,800,Blue
2647,2,0,Top Cleaner,1000,Blue
2648,1,0,Top Cleaner,800,Blue
2648,2,1,CleanR,800,Blue
2649,1,1,Top Cleaner,800,Blue
2649,2,0,Top Cleaner,1000,Blue
2650,1,0,Top Cleaner,800,Red
2650,2,1,CleanR,1000,Red
2651,1,1,CleanR,800,Blue
2651,2,0,Top Cleaner,1000,Blue
2652,1,1,CleanR,1000,Red
2652,2,0,CleanR,1000,Red
2653,1,1,CleanR,800,Blue
2653,2,0,CleanR,1000,Blue
2654,1,1,Top Cleaner,800,Blue
2654,2,0,Top Cleaner,1000,Red
2655,1,0,Top Cleaner,800,Blue
2655,2,1,Top Cleaner,800,Blue
2656,1,0,Top Cleaner,800,Blue
2656,2,1,CleanR,1000,Blue
2657,1,0,Top Cleaner,1000,Red
2657,2,1,CleanR,800,Blue
2658,1,0,CleanR,800,Blue
2658,2,1,CleanR,800,Red
2659,1,1,Top Cleaner,800,Red
2659,2,0,Top Cleaner,1000,Red
2660,1,0,Top Cleaner,800,Blue
2660,2,1,CleanR,800,Blue
2661,1,1,Top Cleaner,800,Blue
2661,2,0,Top Cleaner,800,Blue
2662,1,1,Top Cleaner,800,Blue
2662,2,0,Top Cleaner,1000,Blue
2663,1,1,CleanR,1000,Blue
2663,2,0,Top Cleaner,1000,Blue
2664,1,0,Top Cleaner,800,Blue
2664,2,1,Top Cleaner,800,Blue
2665,1,1,Top Cleaner,800,Blue
2665,2,0,Top Cleaner,1000,Blue
2666,1,0,Top Cleaner,1000,Blue
2666,2,1,Top Cleaner,800,Red
2667,1,0,Top Cleaner,1000,Blue
2667,2,1,CleanR,800,Red
2668,1,1,Top Cleaner,800,Blue
2668,2,0,Top Cleaner,1000,Red
2669,1,0,Top Cleaner,1000,Blue
2669,2,1,CleanR,800,Red
2670,1,0,Top Cleaner,1000,Blue
2670,2,1,Top Cleaner,1000,Blue
2671,1,1,Top Cleaner,800,Blue
2671,2,0,Top Cleaner,1000,Blue
2672,1,1,Top Cleaner,800,Red
2672,2,0,Top Cleaner,800,Red
2673,1,0,CleanR,1000,Blue
2673,2,1,CleanR,800,Blue
2674,1,1,Top Cleaner,800,Red
2674,2,0,Top Cleaner,1000,Blue
2675,1,1,Top Cleaner,800,Blue
2675,2,0,Top Cleaner,1000,Blue
2676,1,0,Top Cleaner,800,Blue
2676,2,1,CleanR,1000,Red
2677,1,1,Top Cleaner,800,Red
2677,2,0,Top Cleaner,1000,Blue
2678,1,1,CleanR,800,Blue
2678,2,0,CleanR,1000,Blue
2679,1,0,Top Cleaner,800,Blue
2679,2,1,Top Cleaner,800,Blue
2680,1,0,Top Cleaner,800,Blue
2680,2,1,Top Cleaner,1000,Red
2681,1,1,Top Cleaner,800,Red
2681,2,0,Top Cleaner,800,Blue
2682,1,1,Top Cleaner,800,Blue
2682,2,0,Top Cleaner,1000,Blue
2683,1,1,CleanR,1000,Blue
2683,2,0,CleanR,1000,Blue
2684,1,1,CleanR,800,Red
2684,2,0,Top Cleaner,800,Blue
2685,1,0,Top Cleaner,1000,Red
2685,2,1,CleanR,800,Blue
2686,1,1,CleanR,800,Red
2686,2,0,Top Cleaner,800,Blue
2687,1,1,Top Cleaner,800,Blue
2687,2,0,Top Cleaner,1000,Blue
2688,1,1,CleanR,1000,Blue
2688,2,0,Top Cleaner,800,Blue
2689,1,1,Top Cleaner,1000,Red
2689,2,0,Top Cleaner,1000,Blue
2690,1,1,CleanR,800,Blue
2690,2,0,Top Cleaner,1000,Blue
2691,1,0,Top Cleaner,800,Blue
2691,2,1,Top Cleaner,800,Blue
2692,1,1,Top Cleaner,800,Blue
2692,2,0,Top Cleaner,1000,Blue
2693,1,0,Top Cleaner,800,Red
2693,2,1,Top Cleaner,800,Red
2694,1,0,Top Cleaner,800,Red
2694,2,1,CleanR,800,Blue
2695,1,1,Top Cleaner,1000,Blue
2695,2,0,Top Cleaner,800,Blue
2696,1,1,CleanR,800,Red
2696,2,0,CleanR,1000,Blue
2697,1,1,Top Cleaner,1000,Red
2697,2,0,CleanR,1000,Blue
2698,1,1,CleanR,1000,Red
2698,2,0,Top Cleaner,800,Red
2699,1,0,Top Cleaner,1000,Blue
2699,2,1,CleanR,800,Blue
2700,1,1,CleanR,800,Red
2700,2,0,CleanR,1000,Blue
2701,1,0,Top Cleaner,800,Red
2701,2,1,CleanR,800,Red
2702,1,1,CleanR,800,Blue
2702,2,0,CleanR,800,Blue
2703,1,0,Top Cleaner,800,Blue
2703,2,1,CleanR,800,Red
2704,1,1,Top Cleaner,800,Red
2704,2,0,Top Cleaner,800,Blue
2705,1,0,Top Cleaner,800,Blue
2705,2,1,CleanR,800,Blue
2706,1,1,CleanR,800,Blue
2706,2,0,CleanR,800,Blue
2707,1,1,CleanR,1000,Blue
2707,2,0,Top Cleaner,1000,Blue
2708,1,1,CleanR,800,Red
2708,2,0,CleanR,1000,Blue
2709,1,1,CleanR,800,Red
2709,2,0,Top Cleaner,1000,Blue
2710,1,1,Top Cleaner,800,Blue
2710,2,0,Top Cleaner,800,Blue
2711,1,1,CleanR,800,Blue
2711,2,0,Top Cleaner,800,Red
2712,1,1,Top Cleaner,800,Red
2712,2,0,Top Cleaner,800,Blue
2713,1,1,Top Cleaner,800,Red
2713,2,0,Top Cleaner,800,Blue
2714,1,0,Top Cleaner,800,Blue
2714,2,1,CleanR,800,Blue
2715,1,1,Top Cleaner,1000,Red
2715,2,0,Top Cleaner,1000,Red
2716,1,0,CleanR,800,Blue
2716,2,1,CleanR,800,Red
2717,1,1,Top Cleaner,800,Blue
2717,2,0,Top Cleaner,1000,Blue
2718,1,0,Top Cleaner,1000,Blue
2718,2,1,Top Cleaner,800,Blue
2719,1,1,Top Cleaner,800,Red
2719,2,0,Top Cleaner,1000,Blue
2720,1,0,Top Cleaner,800,Red
2720,2,1,CleanR,800,Blue
2721,1,1,CleanR,800,Blue
2721,2,0,Top Cleaner,1000,Blue
2722,1,0,Top Cleaner,800,Blue
2722,2,1,Top Cleaner,800,Blue
2723,1,0,Top Cleaner,800,Blue
2723,2,1,Top Cleaner,800,Red
2724,1,1,CleanR,1000,Blue
2724,2,0,CleanR,1000,Blue
2725,1,1,CleanR,800,Red
2725,2,0,Top Cleaner,1000,Red
2726,1,1,CleanR,800,Blue
2726,2,0,CleanR,1000,Blue
2727,1,1,CleanR,800,Blue
2727,2,0,Top Cleaner,800,Blue
2728,1,0,Top Cleaner,1000,Blue
2728,2,1,CleanR,1000,Blue
2729,1,1,Top Cleaner,800,Blue
2729,2,0,Top Cleaner,1000,Blue
2730,1,1,Top Cleaner,800,Red
2730,2,0,Top Cleaner,800,Red
2731,1,0,Top Cleaner,800,Blue
2731,2,1,CleanR,1000,Red
2732,1,1,CleanR,800,Red
2732,2,0,Top Cleaner,1000,Blue
2733,1,1,CleanR,1000,Blue
2733,2,0,Top Cleaner,1000,Blue
2734,1,0,Top Cleaner,800,Blue
2734,2,1,Top Cleaner,800,Red
2735,1,1,CleanR,1000,Blue
2735,2,0,Top Cleaner,1000,Blue
2736,1,0,Top Cleaner,800,Blue
2736,2,1,CleanR,800,Blue
2737,1,0,Top Cleaner,800,Red
2737,2,1,CleanR,800,Red
2738,1,1,CleanR,800,Red
2738,2,0,Top Cleaner,800,Blue
2739,1,1,Top Cleaner,1000,Blue
2739,2,0,Top Cleaner,1000,Blue
2740,1,1,CleanR,800,Blue
2740,2,0,Top Cleaner,800,Blue
2741,1,1,Top Cleaner,800,Blue
2741,2,0,Top Cleaner,1000,Blue
2742,1,1,Top Cleaner,800,Blue
2742,2,0,Top Cleaner,800,Red
2743,1,0,Top Cleaner,800,Blue
2743,2,1,Top Cleaner,1000,Red
2744,1,0,Top Cleaner,1000,Red
2744,2,1,Top Cleaner,800,Blue
2745,1,1,CleanR,1000,Blue
2745,2,0,Top Cleaner,800,Blue
2746,1,1,CleanR,800,Blue
2746,2,0,Top Cleaner,800,Blue
2747,1,0,Top Cleaner,800,Blue
2747,2,1,CleanR,800,Red
2748,1,0,Top Cleaner,1000,Blue
2748,2,1,Top Cleaner,1000,Red
2749,1,0,Top Cleaner,1000,Blue
2749,2,1,Top Cleaner,800,Blue
2750,1,1,Top Cleaner,800,Blue
2750,2,0,Top Cleaner,800,Blue
2751,1,1,CleanR,800,Blue
2751,2,0,Top Cleaner,1000,Red
2752,1,1,Top Cleaner,800,Blue
2752,2,0,Top Cleaner,1000,Blue
2753,1,0,Top Cleaner,1000,Red
2753,2,1,CleanR,1000,Red
2754,1,1,Top Cleaner,800,Blue
2754,2,0,Top Cleaner,1000,Red
2755,1,0,Top Cleaner,1000,Blue
2755,2,1,Top Cleaner,800,Blue
2756,1,0,Top Cleaner,1000,Blue
2756,2,1,Top Cleaner,1000,Red
2757,1,0,Top Cleaner,800,Blue
2757,2,1,CleanR,1000,Blue
2758,1,1,CleanR,1000,Blue
2758,2,0,Top Cleaner,1000,Blue
2759,1,1,CleanR,800,Blue
2759,2,0,CleanR,1000,Red
2760,1,1,Top Cleaner,1000,Blue
2760,2,0,Top Cleaner,1000,Red
2761,1,0,Top Cleaner,1000,Blue
2761,2,1,CleanR,800,Blue
2762,1,0,Top Cleaner,1000,Red
2762,2,1,Top Cleaner,800,Blue
2763,1,0,Top Cleaner,800,Blue
2763,2,1,Top Cleaner,800,Red
2764,1,0,Top Cleaner,800,Blue
2764,2,1,Top Cleaner,800,Red
2765,1,0,Top Cleaner,1000,Red
2765,2,1,Top Cleaner,800,Blue
2766,1,1,Top Cleaner,800,Blue
2766,2,0,Top Cleaner,1000,Blue
2767,1,1,CleanR,800,Blue
2767,2,0,Top Cleaner,1000,Red
2768,1,1,Top Cleaner,800,Blue
2768,2,0,Top Cleaner,800,Blue
2769,1,1,CleanR,800,Blue
2769,2,0,Top Cleaner,800,Blue
2770,1,0,Top Cleaner,1000,Red
2770,2,1,Top Cleaner,800,Red
2771,1,0,Top Cleaner,1000,Blue
2771,2,1,CleanR,800,Blue
2772,1,0,Top Cleaner,1000,Red
2772,2,1,CleanR,800,Blue
2773,1,1,Top Cleaner,800,Blue
2773,2,0,Top Cleaner,800,Blue
2774,1,0,Top Cleaner,800,Blue
2774,2,1,Top Cleaner,800,Blue
2775,1,1,Top Cleaner,800,Blue
2775,2,0,Top Cleaner,1000,Blue
2776,1,1,CleanR,800,Blue
2776,2,0,Top Cleaner,1000,Red
2777,1,1,CleanR,1000,Blue
2777,2,0,Top Cleaner,1000,Blue
2778,1,1,Top Cleaner,800,Blue
2778,2,0,Top Cleaner,1000,Red
2779,1,1,Top Cleaner,800,Blue
2779,2,0,Top Cleaner,800,Blue
2780,1,0,Top Cleaner,1000,Blue
2780,2,1,CleanR,800,Blue
2781,1,0,Top Cleaner,1000,Blue
2781,2,1,Top Cleaner,800,Blue
2782,1,0,CleanR,1000,Blue
2782,2,1,CleanR,800,Blue
2783,1,0,Top Cleaner,1000,Red
2783,2,1,Top Cleaner,800,Red
2784,1,1,CleanR,800,Red
2784,2,0,CleanR,800,Blue
2785,1,1,CleanR,800,Red
2785,2,0,CleanR,1000,Blue
2786,1,0,Top Cleaner,800,Blue
2786,2,1,Top Cleaner,800,Red
2787,1,1,CleanR,800,Red
2787,2,0,CleanR,800,Blue
2788,1,1,Top Cleaner,800,Red
2788,2,0,Top Cleaner,1000,Blue
2789,1,1,CleanR,1000,Red
2789,2,0,Top Cleaner,800,Blue
2790,1,1,CleanR,1000,Blue
2790,2,0,Top Cleaner,1000,Blue
2791,1,1,Top Cleaner,800,Blue
2791,2,0,Top Cleaner,1000,Red
2792,1,1,Top Cleaner,800,Blue
2792,2,0,Top Cleaner,1000,Blue
2793,1,0,Top Cleaner,1000,Red
2793,2,1,Top Cleaner,800,Blue
2794,1,1,Top Cleaner,1000,Red
2794,2,0,Top Cleaner,1000,Red
2795,1,0,CleanR,800,Blue
2795,2,1,CleanR,800,Blue
2796,1,0,Top Cleaner,800,Blue
2796,2,1,Top Cleaner,1000,Red
2797,1,0,Top Cleaner,1000,Red
2797,2,1,Top Cleaner,800,Red
2798,1,0,Top Cleaner,1000,Red
2798,2,1,Top Cleaner,800,Blue
2799,1,0,Top Cleaner,800,Blue
2799,2,1,Top Cleaner,800,Red
2800,1,1,CleanR,800,Blue
2800,2,0,CleanR,800,Blue
2801,1,0,Top Cleaner,800,Blue
2801,2,1,Top Cleaner,800,Red
2802,1,1,Top Cleaner,800,Red
2802,2,0,Top Cleaner,800,Blue
2803,1,1,Top Cleaner,800,Red
2803,2,0,CleanR,1000,Red
2804,1,0,Top Cleaner,1000,Red
2804,2,1,CleanR,800,Blue
2805,1,1,CleanR,800,Red
2805,2,0,Top Cleaner,800,Blue
2806,1,0,Top Cleaner,800,Blue
2806,2,1,Top Cleaner,1000,Red
2807,1,0,Top Cleaner,800,Blue
2807,2,1,Top Cleaner,800,Blue
2808,1,1,CleanR,1000,Blue
2808,2,0,Top Cleaner,800,Red
2809,1,1,Top Cleaner,1000,Blue
2809,2,0,Top Cleaner,1000,Blue
2810,1,1,CleanR,1000,Red
2810,2,0,CleanR,1000,Blue
2811,1,0,CleanR,800,Red
2811,2,1,Top Cleaner,800,Red
2812,1,0,Top Cleaner,1000,Red
2812,2,1,Top Cleaner,1000,Red
2813,1,1,CleanR,800,Blue
2813,2,0,Top Cleaner,800,Blue
2814,1,1,CleanR,800,Blue
2814,2,0,Top Cleaner,800,Red
2815,1,1,CleanR,1000,Blue
2815,2,0,Top Cleaner,800,Red
2816,1,0,Top Cleaner,1000,Blue
2816,2,1,Top Cleaner,800,Blue
2817,1,0,Top Cleaner,1000,Blue
2817,2,1,Top Cleaner,1000,Red
2818,1,0,CleanR,1000,Red
2818,2,1,Top Cleaner,1000,Blue
2819,1,0,Top Cleaner,800,Red
2819,2,1,Top Cleaner,800,Blue
2820,1,1,CleanR,1000,Red
2820,2,0,Top Cleaner,1000,Blue
2821,1,0,Top Cleaner,1000,Blue
2821,2,1,CleanR,800,Red
2822,1,1,Top Cleaner,800,Blue
2822,2,0,Top Cleaner,800,Blue
2823,1,1,CleanR,800,Blue
2823,2,0,Top Cleaner,800,Blue
2824,1,1,CleanR,800,Blue
2824,2,0,Top Cleaner,1000,Blue
2825,1,0,Top Cleaner,800,Red
2825,2,1,CleanR,1000,Blue
2826,1,0,Top Cleaner,1000,Blue
2826,2,1,Top Cleaner,1000,Red
2827,1,0,CleanR,800,Blue
2827,2,1,Top Cleaner,800,Red
2828,1,1,Top Cleaner,800,Red
2828,2,0,Top Cleaner,1000,Blue
2829,1,0,Top Cleaner,1000,Red
2829,2,1,Top Cleaner,1000,Blue
2830,1,1,Top Cleaner,800,Blue
2830,2,0,Top Cleaner,1000,Blue
2831,1,0,Top Cleaner,1000,Blue
2831,2,1,Top Cleaner,800,Red
2832,1,0,Top Cleaner,1000,Red
2832,2,1,CleanR,800,Blue
2833,1,1,Top Cleaner,1000,Blue
2833,2,0,Top Cleaner,800,Blue
2834,1,1,CleanR,800,Blue
2834,2,0,Top Cleaner,1000,Blue
2835,1,1,Top Cleaner,800,Blue
2835,2,0,Top Cleaner,800,Blue
2836,1,0,Top Cleaner,1000,Blue
2836,2,1,Top Cleaner,800,Blue
2837,1,1,CleanR,800,Red
2837,2,0,Top Cleaner,800,Blue
2838,1,0,Top Cleaner,800,Red
2838,2,1,Top Cleaner,800,Blue
2839,1,0,CleanR,1000,Blue
2839,2,1,CleanR,800,Red
2840,1,1,CleanR,1000,Blue
2840,2,0,Top Cleaner,1000,Blue
2841,1,0,Top Cleaner,1000,Blue
2841,2,1,CleanR,1000,Blue
2842,1,1,Top Cleaner,800,Red
2842,2,0,Top Cleaner,1000,Red
2843,1,1,CleanR,1000,Blue
2843,2,0,Top Cleaner,1000,Blue
2844,1,1,CleanR,800,Blue
2844,2,0,Top Cleaner,1000,Red
2845,1,0,Top Cleaner,1000,Red
2845,2,1,CleanR,800,Blue
2846,1,1,CleanR,1000,Red
2846,2,0,Top Cleaner,800,Blue
2847,1,0,CleanR,800,Blue
2847,2,1,CleanR,800,Blue
2848,1,0,Top Cleaner,1000,Red
2848,2,1,Top Cleaner,1000,Blue
2849,1,1,Top Cleaner,800,Red
2849,2,0,Top Cleaner,800,Blue
2850,1,0,Top Cleaner,800,Blue
2850,2,1,CleanR,800,Blue
2851,1,1,CleanR,800,Red
2851,2,0,CleanR,1000,Blue
2852,1,1,Top Cleaner,1000,Red
2852,2,0,Top Cleaner,1000,Blue
2853,1,0,Top Cleaner,800,Blue
2853,2,1,Top Cleaner,800,Red
2854,1,0,Top Cleaner,1000,Red
2854,2,1,Top Cleaner,800,Red
2855,1,1,CleanR,800,Red
2855,2,0,Top Cleaner,1000,Red
2856,1,0,Top Cleaner,1000,Blue
2856,2,1,Top Cleaner,800,Blue
2857,1,0,Top Cleaner,800,Blue
2857,2,1,Top Cleaner,800,Red
2858,1,1,CleanR,1000,Blue
2858,2,0,Top Cleaner,800,Red
2859,1,1,Top Cleaner,800,Blue
2859,2,0,Top Cleaner,800,Blue
2860,1,1,CleanR,1000,Red
2860,2,0,CleanR,1000,Red
2861,1,1,CleanR,800,Red
2861,2,0,CleanR,1000,Red
2862,1,0,Top Cleaner,800,Red
2862,2,1,Top Cleaner,1000,Red
2863,1,0,Top Cleaner,1000,Blue
2863,2,1,CleanR,800,Blue
2864,1,1,Top Cleaner,1000,Blue
2864,2,0,Top Cleaner,1000,Blue
2865,1,1,Top Cleaner,800,Red
2865,2,0,Top Cleaner,800,Blue
2866,1,1,CleanR,1000,Blue
2866,2,0,Top Cleaner,800,Blue
2867,1,1,Top Cleaner,800,Blue
2867,2,0,CleanR,800,Blue
2868,1,1,CleanR,1000,Blue
2868,2,0,CleanR,1000,Blue
2869,1,0,Top Cleaner,800,Red
2869,2,1,Top Cleaner,800,Red
2870,1,1,Top Cleaner,800,Blue
2870,2,0,Top Cleaner,1000,Blue
2871,1,1,Top Cleaner,800,Blue
2871,2,0,Top Cleaner,1000,Blue
2872,1,0,Top Cleaner,1000,Blue
2872,2,1,CleanR,1000,Red
2873,1,1,Top Cleaner,800,Blue
2873,2,0,Top Cleaner,800,Blue
2874,1,0,Top Cleaner,800,Red
2874,2,1,Top Cleaner,800,Red
2875,1,1,CleanR,1000,Red
2875,2,0,Top Cleaner,1000,Red
2876,1,1,CleanR,800,Red
2876,2,0,Top Cleaner,1000,Blue
2877,1,1,Top Cleaner,800,Blue
2877,2,0,Top Cleaner,1000,Red
2878,1,0,Top Cleaner,800,Blue
2878,2,1,CleanR,800,Blue
2879,1,1,Top Cleaner,800,Red
2879,2,0,Top Cleaner,1000,Blue
2880,1,1,CleanR,800,Blue
2880,2,0,Top Cleaner,1000,Red
2881,1,0,Top Cleaner,1000,Red
2881,2,1,Top Cleaner,800,Red
2882,1,0,Top Cleaner,1000,Red
2882,2,1,Top Cleaner,1000,Red
2883,1,1,CleanR,800,Blue
2883,2,0,Top Cleaner,800,Blue
2884,1,0,Top Cleaner,800,Red
2884,2,1,Top Cleaner,800,Red
2885,1,0,Top Cleaner,1000,Red
2885,2,1,Top Cleaner,1000,Blue
2886,1,1,CleanR,800,Blue
2886,2,0,Top Cleaner,1000,Blue
2887,1,1,CleanR,1000,Red
2887,2,0,CleanR,800,Red
2888,1,1,Top Cleaner,800,Red
2888,2,0,CleanR,1000,Blue
2889,1,0,Top Cleaner,1000,Blue
2889,2,1,Top Cleaner,800,Blue
2890,1,1,CleanR,1000,Red
2890,2,0,Top Cleaner,800,Blue
2891,1,0,Top Cleaner,1000,Blue
2891,2,1,CleanR,1000,Blue
2892,1,1,CleanR,800,Blue
2892,2,0,Top Cleaner,1000,Red
2893,1,0,Top Cleaner,1000,Red
2893,2,1,Top Cleaner,1000,Red
2894,1,1,Top Cleaner,800,Red
2894,2,0,Top Cleaner,1000,Blue
2895,1,0,Top Cleaner,800,Blue
2895,2,1,CleanR,800,Blue
2896,1,0,Top Cleaner,1000,Blue
2896,2,1,CleanR,800,Blue
2897,1,1,CleanR,800,Red
2897,2,0,Top Cleaner,800,Red
2898,1,0,Top Cleaner,1000,Red
2898,2,1,Top Cleaner,800,Blue
2899,1,1,Top Cleaner,800,Red
2899,2,0,Top Cleaner,800,Red
2900,1,0,Top Cleaner,1000,Red
2900,2,1,Top Cleaner,800,Blue
2901,1,1,CleanR,800,Blue
2901,2,0,CleanR,1000,Blue
2902,1,0,Top Cleaner,800,Blue
2902,2,1,Top Cleaner,800,Blue
2903,1,0,CleanR,800,Red
2903,2,1,CleanR,800,Blue
2904,1,1,Top Cleaner,800,Blue
2904,2,0,Top Cleaner,800,Blue
2905,1,1,CleanR,800,Blue
2905,2,0,CleanR,1000,Red
2906,1,1,Top Cleaner,800,Red
2906,2,0,Top Cleaner,1000,Red
2907,1,1,CleanR,800,Red
2907,2,0,Top Cleaner,800,Red
2908,1,0,Top Cleaner,800,Red
2908,2,1,Top Cleaner,800,Red
2909,1,0,Top Cleaner,800,Blue
2909,2,1,CleanR,800,Blue
2910,1,1,CleanR,800,Red
2910,2,0,Top Cleaner,1000,Red
2911,1,1,Top Cleaner,800,Blue
2911,2,0,Top Cleaner,1000,Blue
2912,1,1,Top Cleaner,800,Blue
2912,2,0,Top Cleaner,1000,Blue
2913,1,1,CleanR,800,Red
2913,2,0,CleanR,1000,Blue
2914,1,1,Top Cleaner,1000,Red
2914,2,0,Top Cleaner,1000,Blue
2915,1,0,CleanR,1000,Red
2915,2,1,CleanR,800,Blue
2916,1,0,Top Cleaner,800,Blue
2916,2,1,CleanR,1000,Blue
2917,1,1,CleanR,1000,Blue
2917,2,0,Top Cleaner,1000,Blue
2918,1,1,CleanR,800,Blue
2918,2,0,CleanR,1000,Blue
2919,1,0,Top Cleaner,800,Blue
2919,2,1,CleanR,800,Red
2920,1,1,CleanR,800,Blue
2920,2,0,CleanR,800,Blue
2921,1,0,Top Cleaner,800,Blue
2921,2,1,CleanR,800,Red
2922,1,0,Top Cleaner,1000,Red
2922,2,1,Top Cleaner,800,Red
2923,1,0,CleanR,1000,Blue
2923,2,1,CleanR,1000,Red
2924,1,0,Top Cleaner,1000,Blue
2924,2,1,Top Cleaner,1000,Blue
2925,1,0,Top Cleaner,1000,Blue
2925,2,1,Top Cleaner,800,Blue
2926,1,1,Top Cleaner,800,Blue
2926,2,0,Top Cleaner,800,Blue
2927,1,1,CleanR,1000,Red
2927,2,0,CleanR,1000,Red
2928,1,0,CleanR,800,Blue
2928,2,1,CleanR,800,Blue
2929,1,1,Top Cleaner,800,Blue
2929,2,0,Top Cleaner,1000,Blue
2930,1,0,Top Cleaner,800,Blue
2930,2,1,CleanR,800,Red
2931,1,0,Top Cleaner,1000,Red
2931,2,1,CleanR,800,Blue
2932,1,0,Top Cleaner,1000,Blue
2932,2,1,CleanR,800,Blue
2933,1,0,Top Cleaner,1000,Blue
2933,2,1,Top Cleaner,800,Blue
2934,1,1,Top Cleaner,800,Red
2934,2,0,Top Cleaner,1000,Red
2935,1,1,CleanR,800,Blue
2935,2,0,Top Cleaner,800,Blue
2936,1,0,Top Cleaner,1000,Blue
2936,2,1,Top Cleaner,1000,Blue
2937,1,1,Top Cleaner,1000,Blue
2937,2,0,Top Cleaner,1000,Blue
2938,1,1,Top Cleaner,1000,Red
2938,2,0,Top Cleaner,1000,Red
2939,1,1,Top Cleaner,1000,Blue
2939,2,0,Top Cleaner,800,Red
2940,1,0,Top Cleaner,1000,Blue
2940,2,1,Top Cleaner,800,Blue
2941,1,1,Top Cleaner,1000,Red
2941,2,0,Top Cleaner,800,Blue
2942,1,1,CleanR,800,Blue
2942,2,0,Top Cleaner,800,Blue
2943,1,0,Top Cleaner,1000,Red
2943,2,1,Top Cleaner,800,Red
2944,1,0,Top Cleaner,1000,Blue
2944,2,1,Top Cleaner,800,Blue
2945,1,1,Top Cleaner,800,Red
2945,2,0,Top Cleaner,800,Blue
2946,1,1,CleanR,800,Red
2946,2,0,Top Cleaner,1000,Blue
2947,1,0,Top Cleaner,1000,Red
2947,2,1,CleanR,800,Blue
2948,1,1,Top Cleaner,800,Blue
2948,2,0,Top Cleaner,800,Blue
2949,1,1,Top Cleaner,800,Red
2949,2,0,Top Cleaner,1000,Blue
2950,1,0,Top Cleaner,1000,Blue
2950,2,1,Top Cleaner,800,Red
2951,1,0,Top Cleaner,1000,Red
2951,2,1,Top Cleaner,800,Red
2952,1,1,Top Cleaner,800,Red
2952,2,0,Top Cleaner,800,Blue
2953,1,0,CleanR,800,Blue
2953,2,1,CleanR,800,Red
2954,1,0,Top Cleaner,800,Blue
2954,2,1,Top Cleaner,1000,Blue
2955,1,0,Top Cleaner,1000,Blue
2955,2,1,Top Cleaner,1000,Red
2956,1,1,CleanR,800,Blue
2956,2,0,Top Cleaner,1000,Blue
2957,1,0,Top Cleaner,800,Blue
2957,2,1,Top Cleaner,1000,Red
2958,1,1,CleanR,1000,Blue
2958,2,0,Top Cleaner,1000,Blue
2959,1,0,Top Cleaner,1000,Blue
2959,2,1,CleanR,1000,Blue
2960,1,1,Top Cleaner,800,Red
2960,2,0,Top Cleaner,800,Blue
2961,1,1,CleanR,800,Blue
2961,2,0,Top Cleaner,800,Red
2962,1,1,Top Cleaner,1000,Red
2962,2,0,Top Cleaner,1000,Red
2963,1,1,CleanR,800,Blue
2963,2,0,Top Cleaner,1000,Blue
2964,1,0,Top Cleaner,800,Blue
2964,2,1,Top Cleaner,800,Red
2965,1,1,Top Cleaner,800,Red
2965,2,0,Top Cleaner,800,Blue
2966,1,1,Top Cleaner,1000,Red
2966,2,0,Top Cleaner,1000,Blue
2967,1,0,CleanR,1000,Red
2967,2,1,CleanR,1000,Blue
2968,1,1,Top Cleaner,1000,Red
2968,2,0,Top Cleaner,800,Red
2969,1,1,Top Cleaner,1000,Red
2969,2,0,Top Cleaner,800,Blue
2970,1,0,Top Cleaner,800,Red
2970,2,1,Top Cleaner,800,Blue
2971,1,1,CleanR,1000,Blue
2971,2,0,Top Cleaner,1000,Red
2972,1,1,Top Cleaner,1000,Blue
2972,2,0,Top Cleaner,1000,Blue
2973,1,1,Top Cleaner,800,Red
2973,2,0,Top Cleaner,800,Blue
2974,1,0,Top Cleaner,1000,Blue
2974,2,1,Top Cleaner,1000,Blue
2975,1,1,Top Cleaner,800,Red
2975,2,0,Top Cleaner,800,Blue
2976,1,1,Top Cleaner,800,Red
2976,2,0,Top Cleaner,800,Red
2977,1,1,CleanR,800,Blue
2977,2,0,CleanR,800,Blue
2978,1,0,Top Cleaner,800,Blue
2978,2,1,CleanR,1000,Blue
2979,1,1,CleanR,1000,Blue
2979,2,0,Top Cleaner,1000,Red
2980,1,0,Top Cleaner,1000,Blue
2980,2,1,Top Cleaner,1000,Red
2981,1,1,CleanR,1000,Blue
2981,2,0,Top Cleaner,800,Blue
2982,1,0,Top Cleaner,800,Blue
2982,2,1,CleanR,1000,Red
2983,1,1,Top Cleaner,800,Blue
2983,2,0,Top Cleaner,1000,Red
2984,1,1,Top Cleaner,800,Blue
2984,2,0,Top Cleaner,1000,Blue
2985,1,0,Top Cleaner,800,Blue
2985,2,1,CleanR,1000,Red
2986,1,1,CleanR,1000,Blue
2986,2,0,Top Cleaner,800,Blue
2987,1,0,CleanR,800,Red
2987,2,1,CleanR,1000,Red
2988,1,0,Top Cleaner,800,Blue
2988,2,1,CleanR,800,Red
2989,1,0,Top Cleaner,800,Red
2989,2,1,Top Cleaner,1000,Red
2990,1,0,Top Cleaner,800,Blue
2990,2,1,Top Cleaner,800,Blue
2991,1,1,Top Cleaner,800,Red
2991,2,0,Top Cleaner,800,Blue
2992,1,1,Top Cleaner,1000,Red
2992,2,0,Top Cleaner,800,Blue
2993,1,1,CleanR,1000,Red
2993,2,0,Top Cleaner,1000,Blue
2994,1,0,Top Cleaner,800,Blue
2994,2,1,CleanR,800,Blue
2995,1,1,CleanR,800,Blue
2995,2,0,Top Cleaner,800,Red
2996,1,0,Top Cleaner,800,Blue
2996,2,1,Top Cleaner,800,Blue
2997,1,1,CleanR,1000,Blue
2997,2,0,Top Cleaner,800,Blue
2998,1,1,Top Cleaner,800,Blue
2998,2,0,Top Cleaner,800,Blue
2999,1,1,Top Cleaner,800,Blue
2999,2,0,CleanR,1000,Blue
3000,1,0,Top Cleaner,800,Blue
3000,2,1,Top Cleaner,800,Blue
3001,1,0,Top Cleaner,800,Blue
3001,2,1,CleanR,800,Red
3002,1,1,CleanR,800,Blue
3002,2,0,Top Cleaner,800,Blue
3003,1,0,Top Cleaner,800,Blue
3003,2,1,Top Cleaner,800,Red
3004,1,0,Top Cleaner,1000,Red
3004,2,1,CleanR,800,Red
3005,1,1,Top Cleaner,800,Blue
3005,2,0,Top Cleaner,1000,Blue
3006,1,1,Top Cleaner,800,Blue
3006,2,0,CleanR,800,Blue
3007,1,0,CleanR,800,Red
3007,2,1,Top Cleaner,800,Blue
3008,1,1,Top Cleaner,800,Blue
3008,2,0,Top Cleaner,800,Blue
3009,1,1,CleanR,1000,Blue
3009,2,0,Top Cleaner,800,Blue
3010,1,1,CleanR,800,Blue
3010,2,0,Top Cleaner,800,Red
3011,1,1,CleanR,1000,Red
3011,2,0,Top Cleaner,1000,Blue
3012,1,0,Top Cleaner,1000,Blue
3012,2,1,CleanR,800,Blue
3013,1,1,Top Cleaner,800,Red
3013,2,0,CleanR,800,Blue
3014,1,0,Top Cleaner,800,Red
3014,2,1,CleanR,1000,Red
3015,1,1,Top Cleaner,800,Blue
3015,2,0,Top Cleaner,800,Blue
3016,1,0,Top Cleaner,1000,Red
3016,2,1,Top Cleaner,800,Blue
3017,1,1,CleanR,800,Blue
3017,2,0,Top Cleaner,1000,Red
3018,1,1,Top Cleaner,800,Red
3018,2,0,CleanR,1000,Red
3019,1,0,CleanR,1000,Red
3019,2,1,CleanR,800,Blue
3020,1,0,Top Cleaner,800,Blue
3020,2,1,CleanR,1000,Blue
3021,1,1,Top Cleaner,800,Blue
3021,2,0,Top Cleaner,1000,Blue
3022,1,1,CleanR,800,Red
3022,2,0,CleanR,800,Blue
3023,1,1,Top Cleaner,800,Blue
3023,2,0,Top Cleaner,1000,Blue
3024,1,1,Top Cleaner,800,Blue
3024,2,0,Top Cleaner,1000,Blue
3025,1,1,CleanR,800,Blue
3025,2,0,Top Cleaner,800,Red
3026,1,0,CleanR,800,Blue
3026,2,1,CleanR,800,Blue
3027,1,1,CleanR,1000,Blue
3027,2,0,Top Cleaner,1000,Blue
3028,1,1,CleanR,1000,Red
3028,2,0,Top Cleaner,800,Blue
3029,1,0,Top Cleaner,1000,Blue
3029,2,1,Top Cleaner,1000,Blue
3030,1,1,CleanR,1000,Red
3030,2,0,Top Cleaner,800,Blue
3031,1,0,CleanR,1000,Red
3031,2,1,CleanR,800,Red
3032,1,0,Top Cleaner,1000,Blue
3032,2,1,Top Cleaner,1000,Red
3033,1,0,Top Cleaner,1000,Red
3033,2,1,CleanR,1000,Blue
3034,1,1,Top Cleaner,800,Red
3034,2,0,Top Cleaner,1000,Blue
3035,1,1,CleanR,1000,Red
3035,2,0,CleanR,800,Blue
3036,1,0,Top Cleaner,800,Blue
3036,2,1,CleanR,1000,Blue
3037,1,1,Top Cleaner,800,Red
3037,2,0,Top Cleaner,800,Blue
3038,1,0,Top Cleaner,800,Blue
3038,2,1,Top Cleaner,800,Red
3039,1,1,Top Cleaner,1000,Red
3039,2,0,Top Cleaner,1000,Blue
3040,1,1,CleanR,800,Red
3040,2,0,CleanR,800,Blue
3041,1,0,Top Cleaner,1000,Blue
3041,2,1,Top Cleaner,1000,Red
3042,1,1,Top Cleaner,800,Red
3042,2,0,Top Cleaner,1000,Blue
3043,1,1,Top Cleaner,1000,Red
3043,2,0,Top Cleaner,1000,Blue
3044,1,0,Top Cleaner,1000,Blue
3044,2,1,Top Cleaner,800,Blue
3045,1,0,Top Cleaner,1000,Blue
3045,2,1,Top Cleaner,1000,Red
3046,1,1,CleanR,800,Blue
3046,2,0,Top Cleaner,1000,Blue
3047,1,0,Top Cleaner,800,Blue
3047,2,1,CleanR,1000,Blue
3048,1,0,Top Cleaner,800,Red
3048,2,1,Top Cleaner,800,Red
3049,1,0,Top Cleaner,1000,Blue
3049,2,1,Top Cleaner,800,Red
3050,1,0,CleanR,1000,Blue
3050,2,1,CleanR,800,Blue
3051,1,1,Top Cleaner,800,Blue
3051,2,0,Top Cleaner,800,Blue
3052,1,1,Top Cleaner,800,Blue
3052,2,0,Top Cleaner,1000,Blue
3053,1,0,CleanR,1000,Blue
3053,2,1,Top Cleaner,1000,Red
3054,1,1,Top Cleaner,1000,Blue
3054,2,0,Top Cleaner,1000,Blue
3055,1,0,Top Cleaner,1000,Blue
3055,2,1,Top Cleaner,800,Blue
3056,1,1,CleanR,1000,Red
3056,2,0,Top Cleaner,800,Red
3057,1,0,Top Cleaner,800,Blue
3057,2,1,Top Cleaner,800,Red
3058,1,0,CleanR,800,Blue
3058,2,1,Top Cleaner,800,Blue
3059,1,0,CleanR,800,Blue
3059,2,1,CleanR,800,Red
3060,1,1,CleanR,800,Blue
3060,2,0,Top Cleaner,800,Red
3061,1,0,CleanR,800,Red
3061,2,1,CleanR,1000,Red
3062,1,1,Top Cleaner,800,Blue
3062,2,0,Top Cleaner,1000,Blue
3063,1,1,Top Cleaner,800,Blue
3063,2,0,Top Cleaner,800,Blue
3064,1,0,Top Cleaner,800,Blue
3064,2,1,Top Cleaner,1000,Red
3065,1,0,Top Cleaner,800,Blue
3065,2,1,CleanR,1000,Blue
3066,1,1,CleanR,1000,Blue
3066,2,0,Top Cleaner,1000,Blue
3067,1,0,Top Cleaner,800,Blue
3067,2,1,Top Cleaner,800,Blue
3068,1,1,CleanR,800,Red
3068,2,0,CleanR,800,Blue
3069,1,0,Top Cleaner,1000,Red
3069,2,1,CleanR,800,Red
3070,1,1,Top Cleaner,1000,Blue
3070,2,0,Top Cleaner,800,Blue
3071,1,0,CleanR,1000,Blue
3071,2,1,Top Cleaner,800,Red
3072,1,1,CleanR,1000,Blue
3072,2,0,Top Cleaner,800,Blue
3073,1,1,Top Cleaner,800,Red
3073,2,0,Top Cleaner,1000,Red
3074,1,0,Top Cleaner,800,Red
3074,2,1,CleanR,1000,Blue
3075,1,0,Top Cleaner,1000,Blue
3075,2,1,Top Cleaner,800,Blue
3076,1,1,CleanR,800,Blue
3076,2,0,Top Cleaner,800,Blue
3077,1,0,Top Cleaner,1000,Red
3077,2,1,Top Cleaner,1000,Red
3078,1,1,Top Cleaner,800,Red
3078,2,0,CleanR,1000,Blue
3079,1,1,CleanR,800,Red
3079,2,0,Top Cleaner,1000,Blue
3080,1,0,Top Cleaner,1000,Blue
3080,2,1,Top Cleaner,800,Blue
3081,1,0,CleanR,1000,Blue
3081,2,1,Top Cleaner,800,Blue
3082,1,1,Top Cleaner,800,Red
3082,2,0,Top Cleaner,800,Blue
3083,1,1,Top Cleaner,800,Red
3083,2,0,CleanR,1000,Blue
3084,1,0,Top Cleaner,1000,Blue
3084,2,1,CleanR,1000,Red
3085,1,1,Top Cleaner,800,Red
3085,2,0,Top Cleaner,1000,Blue
3086,1,0,Top Cleaner,800,Blue
3086,2,1,Top Cleaner,800,Red
3087,1,1,CleanR,800,Blue
3087,2,0,Top Cleaner,1000,Blue
3088,1,1,Top Cleaner,800,Blue
3088,2,0,Top Cleaner,1000,Blue
3089,1,1,Top Cleaner,1000,Red
3089,2,0,Top Cleaner,1000,Blue
3090,1,0,Top Cleaner,1000,Blue
3090,2,1,Top Cleaner,800,Red
3091,1,0,CleanR,800,Red
3091,2,1,CleanR,800,Blue
3092,1,1,CleanR,800,Blue
3092,2,0,Top Cleaner,1000,Blue
3093,1,1,Top Cleaner,800,Red
3093,2,0,CleanR,800,Blue
3094,1,0,Top Cleaner,1000,Blue
3094,2,1,Top Cleaner,1000,Blue
3095,1,0,CleanR,1000,Blue
3095,2,1,CleanR,1000,Red
3096,1,0,Top Cleaner,1000,Red
3096,2,1,Top Cleaner,800,Red
3097,1,0,Top Cleaner,1000,Blue
3097,2,1,CleanR,800,Blue
3098,1,0,Top Cleaner,1000,Red
3098,2,1,CleanR,1000,Blue
3099,1,0,Top Cleaner,800,Red
3099,2,1,Top Cleaner,800,Red
3100,1,0,Top Cleaner,1000,Blue
3100,2,1,Top Cleaner,800,Blue
3101,1,0,Top Cleaner,800,Red
3101,2,1,CleanR,800,Blue
3102,1,1,CleanR,1000,Blue
3102,2,0,Top Cleaner,1000,Red
3103,1,0,Top Cleaner,800,Red
3103,2,1,CleanR,800,Blue
3104,1,1,CleanR,800,Blue
3104,2,0,CleanR,1000,Red
3105,1,0,Top Cleaner,800,Blue
3105,2,1,Top Cleaner,800,Blue
3106,1,1,Top Cleaner,800,Red
3106,2,0,Top Cleaner,1000,Red
3107,1,1,CleanR,800,Red
3107,2,0,Top Cleaner,1000,Blue
3108,1,0,Top Cleaner,1000,Blue
3108,2,1,Top Cleaner,1000,Red
3109,1,1,CleanR,800,Blue
3109,2,0,Top Cleaner,1000,Blue
3110,1,0,Top Cleaner,1000,Red
3110,2,1,Top Cleaner,1000,Red
3111,1,1,Top Cleaner,800,Red
3111,2,0,Top Cleaner,800,Blue
3112,1,0,Top Cleaner,800,Blue
3112,2,1,Top Cleaner,800,Blue
3113,1,0,Top Cleaner,1000,Blue
3113,2,1,Top Cleaner,1000,Red
3114,1,1,Top Cleaner,1000,Blue
3114,2,0,Top Cleaner,1000,Blue
3115,1,1,Top Cleaner,800,Blue
3115,2,0,Top Cleaner,1000,Red
3116,1,1,CleanR,800,Blue
3116,2,0,Top Cleaner,1000,Blue
3117,1,1,Top Cleaner,800,Red
3117,2,0,Top Cleaner,1000,Blue
3118,1,1,CleanR,1000,Red
3118,2,0,Top Cleaner,1000,Blue
3119,1,1,CleanR,1000,Blue
3119,2,0,Top Cleaner,800,Blue
3120,1,0,Top Cleaner,800,Blue
3120,2,1,Top Cleaner,800,Blue
3121,1,0,Top Cleaner,1000,Red
3121,2,1,Top Cleaner,1000,Red
3122,1,0,Top Cleaner,1000,Red
3122,2,1,Top Cleaner,800,Red
3123,1,1,CleanR,800,Blue
3123,2,0,Top Cleaner,1000,Blue
3124,1,1,CleanR,800,Blue
3124,2,0,Top Cleaner,800,Red
3125,1,0,Top Cleaner,800,Red
3125,2,1,CleanR,800,Blue
3126,1,1,CleanR,800,Blue
3126,2,0,Top Cleaner,1000,Red
3127,1,1,CleanR,800,Blue
3127,2,0,Top Cleaner,800,Blue
3128,1,0,Top Cleaner,1000,Blue
3128,2,1,Top Cleaner,800,Blue
3129,1,0,Top Cleaner,800,Red
3129,2,1,Top Cleaner,800,Red
3130,1,1,CleanR,1000,Blue
3130,2,0,Top Cleaner,1000,Blue
3131,1,1,Top Cleaner,800,Red
3131,2,0,CleanR,800,Blue
3132,1,0,Top Cleaner,1000,Red
3132,2,1,Top Cleaner,800,Red
3133,1,0,CleanR,1000,Blue
3133,2,1,Top Cleaner,800,Red
3134,1,1,Top Cleaner,800,Blue
3134,2,0,CleanR,800,Blue
3135,1,0,Top Cleaner,800,Red
3135,2,1,CleanR,800,Blue
3136,1,0,Top Cleaner,800,Blue
3136,2,1,CleanR,1000,Red
3137,1,0,Top Cleaner,1000,Blue
3137,2,1,CleanR,1000,Blue
3138,1,0,Top Cleaner,800,Red
3138,2,1,Top Cleaner,1000,Red
3139,1,0,Top Cleaner,800,Blue
3139,2,1,CleanR,800,Blue
3140,1,1,Top Cleaner,800,Red
3140,2,0,Top Cleaner,1000,Blue
3141,1,1,CleanR,800,Blue
3141,2,0,Top Cleaner,800,Red
3142,1,0,Top Cleaner,800,Blue
3142,2,1,CleanR,800,Red
3143,1,1,Top Cleaner,800,Blue
3143,2,0,Top Cleaner,1000,Blue
3144,1,0,Top Cleaner,800,Blue
3144,2,1,Top Cleaner,800,Blue
3145,1,1,Top Cleaner,1000,Red
3145,2,0,Top Cleaner,1000,Blue
3146,1,0,Top Cleaner,1000,Red
3146,2,1,CleanR,800,Red
3147,1,0,Top Cleaner,800,Red
3147,2,1,CleanR,800,Blue
3148,1,0,CleanR,800,Blue
3148,2,1,CleanR,800,Red
3149,1,0,Top Cleaner,800,Blue
3149,2,1,CleanR,800,Blue
3150,1,1,Top Cleaner,800,Red
3150,2,0,Top Cleaner,1000,Blue
3151,1,0,CleanR,800,Blue
3151,2,1,CleanR,800,Red
3152,1,1,CleanR,800,Blue
3152,2,0,Top Cleaner,800,Red
3153,1,1,Top Cleaner,800,Red
3153,2,0,Top Cleaner,1000,Blue
3154,1,0,Top Cleaner,800,Blue
3154,2,1,Top Cleaner,1000,Red
3155,1,0,Top Cleaner,1000,Blue
3155,2,1,Top Cleaner,1000,Blue
3156,1,1,Top Cleaner,800,Blue
3156,2,0,Top Cleaner,800,Red
3157,1,1,Top Cleaner,800,Red
3157,2,0,CleanR,1000,Red
3158,1,1,Top Cleaner,1000,Red
3158,2,0,Top Cleaner,1000,Blue
3159,1,1,Top Cleaner,800,Blue
3159,2,0,CleanR,1000,Blue
3160,1,1,Top Cleaner,1000,Red
3160,2,0,Top Cleaner,1000,Blue
3161,1,1,Top Cleaner,800,Red
3161,2,0,Top Cleaner,800,Blue
3162,1,1,Top Cleaner,800,Red
3162,2,0,Top Cleaner,800,Blue
3163,1,1,CleanR,800,Red
3163,2,0,Top Cleaner,800,Red
3164,1,0,Top Cleaner,800,Red
3164,2,1,CleanR,800,Blue
3165,1,0,Top Cleaner,1000,Blue
3165,2,1,CleanR,800,Blue
3166,1,1,CleanR,1000,Red
3166,2,0,Top Cleaner,1000,Red
3167,1,0,Top Cleaner,800,Red
3167,2,1,CleanR,800,Blue
3168,1,0,Top Cleaner,1000,Blue
3168,2,1,Top Cleaner,800,Blue
3169,1,0,Top Cleaner,800,Blue
3169,2,1,Top Cleaner,800,Red
3170,1,0,Top Cleaner,800,Blue
3170,2,1,Top Cleaner,800,Red
3171,1,1,Top Cleaner,800,Red
3171,2,0,Top Cleaner,800,Red
3172,1,0,Top Cleaner,1000,Blue
3172,2,1,Top Cleaner,800,Red
3173,1,1,Top Cleaner,800,Red
3173,2,0,Top Cleaner,1000,Blue
3174,1,1,CleanR,800,Red
3174,2,0,Top Cleaner,800,Blue
3175,1,0,Top Cleaner,800,Red
3175,2,1,CleanR,1000,Red
3176,1,0,Top Cleaner,800,Blue
3176,2,1,CleanR,800,Blue
3177,1,1,CleanR,800,Red
3177,2,0,CleanR,800,Red
3178,1,1,Top Cleaner,800,Blue
3178,2,0,Top Cleaner,1000,Blue
3179,1,0,CleanR,1000,Blue
3179,2,1,Top Cleaner,800,Red
3180,1,1,CleanR,800,Blue
3180,2,0,Top Cleaner,1000,Red
3181,1,1,Top Cleaner,800,Red
3181,2,0,Top Cleaner,1000,Blue
3182,1,1,CleanR,800,Blue
3182,2,0,Top Cleaner,1000,Blue
3183,1,0,Top Cleaner,800,Blue
3183,2,1,Top Cleaner,800,Red
3184,1,0,Top Cleaner,800,Blue
3184,2,1,CleanR,800,Blue
3185,1,0,Top Cleaner,800,Blue
3185,2,1,Top Cleaner,800,Blue
3186,1,1,Top Cleaner,800,Blue
3186,2,0,Top Cleaner,1000,Blue
3187,1,1,Top Cleaner,1000,Red
3187,2,0,Top Cleaner,1000,Blue
3188,1,1,Top Cleaner,800,Red
3188,2,0,Top Cleaner,800,Blue
3189,1,1,Top Cleaner,800,Red
3189,2,0,CleanR,1000,Blue
3190,1,0,CleanR,1000,Blue
3190,2,1,CleanR,1000,Red
3191,1,0,Top Cleaner,1000,Red
3191,2,1,CleanR,1000,Red
3192,1,1,Top Cleaner,1000,Red
3192,2,0,Top Cleaner,800,Red
3193,1,1,Top Cleaner,1000,Red
3193,2,0,Top Cleaner,1000,Red
3194,1,0,CleanR,1000,Blue
3194,2,1,CleanR,800,Blue
3195,1,1,CleanR,800,Blue
3195,2,0,CleanR,800,Blue
3196,1,1,CleanR,800,Red
3196,2,0,Top Cleaner,1000,Blue
3197,1,1,Top Cleaner,800,Red
3197,2,0,Top Cleaner,800,Blue
3198,1,0,Top Cleaner,1000,Red
3198,2,1,CleanR,800,Red
3199,1,1,CleanR,800,Red
3199,2,0,Top Cleaner,800,Blue
3200,1,1,Top Cleaner,800,Red
3200,2,0,Top Cleaner,1000,Blue
3201,1,0,Top Cleaner,800,Blue
3201,2,1,Top Cleaner,1000,Red
3202,1,1,Top Cleaner,800,Red
3202,2,0,Top Cleaner,800,Blue
3203,1,0,CleanR,800,Blue
3203,2,1,CleanR,1000,Red
3204,1,0,Top Cleaner,1000,Red
3204,2,1,CleanR,800,Blue
3205,1,0,Top Cleaner,800,Blue
3205,2,1,Top Cleaner,800,Red
3206,1,0,Top Cleaner,800,Blue
3206,2,1,CleanR,800,Blue
3207,1,1,Top Cleaner,800,Red
3207,2,0,Top Cleaner,800,Blue
3208,1,0,Top Cleaner,1000,Red
3208,2,1,Top Cleaner,800,Red
3209,1,0,Top Cleaner,800,Blue
3209,2,1,CleanR,1000,Red
3210,1,0,Top Cleaner,800,Blue
3210,2,1,Top Cleaner,1000,Red
3211,1,0,Top Cleaner,800,Blue
3211,2,1,CleanR,1000,Blue
3212,1,0,Top Cleaner,1000,Blue
3212,2,1,Top Cleaner,800,Blue
3213,1,1,CleanR,1000,Blue
3213,2,0,Top Cleaner,1000,Blue
3214,1,1,Top Cleaner,1000,Red
3214,2,0,Top Cleaner,1000,Blue
3215,1,1,CleanR,1000,Blue
3215,2,0,Top Cleaner,800,Red
3216,1,0,Top Cleaner,1000,Blue
3216,2,1,CleanR,800,Red
3217,1,0,CleanR,1000,Blue
3217,2,1,CleanR,1000,Red
3218,1,1,Top Cleaner,800,Blue
3218,2,0,Top Cleaner,800,Blue
3219,1,1,CleanR,800,Red
3219,2,0,Top Cleaner,800,Red
3220,1,0,Top Cleaner,800,Blue
3220,2,1,CleanR,800,Blue
3221,1,1,CleanR,800,Blue
3221,2,0,Top Cleaner,1000,Red
3222,1,1,Top Cleaner,800,Blue
3222,2,0,Top Cleaner,1000,Blue
3223,1,1,CleanR,800,Blue
3223,2,0,CleanR,1000,Red
3224,1,0,Top Cleaner,800,Red
3224,2,1,Top Cleaner,800,Red
3225,1,0,Top Cleaner,1000,Red
3225,2,1,Top Cleaner,800,Red
3226,1,1,CleanR,800,Blue
3226,2,0,CleanR,800,Blue
3227,1,0,Top Cleaner,1000,Blue
3227,2,1,Top Cleaner,1000,Blue
3228,1,0,Top Cleaner,1000,Blue
3228,2,1,Top Cleaner,800,Red
3229,1,0,Top Cleaner,1000,Blue
3229,2,1,Top Cleaner,800,Blue
3230,1,1,Top Cleaner,800,Red
3230,2,0,Top Cleaner,1000,Blue
3231,1,1,Top Cleaner,800,Blue
3231,2,0,Top Cleaner,1000,Blue
3232,1,0,Top Cleaner,1000,Blue
3232,2,1,Top Cleaner,800,Blue
3233,1,0,Top Cleaner,1000,Blue
3233,2,1,CleanR,1000,Blue
3234,1,0,Top Cleaner,800,Blue
3234,2,1,Top Cleaner,800,Blue
3235,1,0,CleanR,1000,Red
3235,2,1,CleanR,800,Red
3236,1,0,Top Cleaner,800,Blue
3236,2,1,CleanR,800,Blue
3237,1,1,CleanR,800,Blue
3237,2,0,Top Cleaner,800,Blue
3238,1,1,Top Cleaner,1000,Blue
3238,2,0,Top Cleaner,1000,Blue
3239,1,0,Top Cleaner,1000,Blue
3239,2,1,Top Cleaner,800,Red
3240,1,0,Top Cleaner,1000,Blue
3240,2,1,Top Cleaner,800,Red
3241,1,0,Top Cleaner,800,Blue
3241,2,1,Top Cleaner,800,Red
3242,1,0,Top Cleaner,1000,Blue
3242,2,1,Top Cleaner,800,Blue
3243,1,1,CleanR,800,Red
3243,2,0,Top Cleaner,1000,Blue
3244,1,1,CleanR,1000,Red
3244,2,0,Top Cleaner,800,Blue
3245,1,1,CleanR,1000,Blue
3245,2,0,Top Cleaner,800,Red
3246,1,1,CleanR,1000,Blue
3246,2,0,Top Cleaner,1000,Blue
3247,1,1,CleanR,800,Red
3247,2,0,Top Cleaner,800,Red
3248,1,1,Top Cleaner,800,Red
3248,2,0,Top Cleaner,800,Blue
3249,1,0,Top Cleaner,1000,Red
3249,2,1,CleanR,1000,Red
3250,1,1,CleanR,1000,Red
3250,2,0,Top Cleaner,800,Blue
3251,1,1,Top Cleaner,800,Red
3251,2,0,Top Cleaner,800,Blue
3252,1,1,Top Cleaner,800,Blue
3252,2,0,Top Cleaner,800,Red
3253,1,1,Top Cleaner,800,Blue
3253,2,0,Top Cleaner,1000,Blue
3254,1,0,Top Cleaner,800,Blue
3254,2,1,CleanR,1000,Blue
3255,1,1,CleanR,1000,Red
3255,2,0,Top Cleaner,800,Blue
3256,1,0,Top Cleaner,1000,Red
3256,2,1,CleanR,800,Blue
3257,1,0,Top Cleaner,1000,Blue
3257,2,1,Top Cleaner,800,Red
3258,1,1,CleanR,1000,Blue
3258,2,0,Top Cleaner,800,Blue
3259,1,1,CleanR,800,Blue
3259,2,0,Top Cleaner,800,Blue
3260,1,1,Top Cleaner,1000,Red
3260,2,0,Top Cleaner,800,Red
3261,1,0,Top Cleaner,800,Blue
3261,2,1,CleanR,1000,Red
3262,1,1,Top Cleaner,800,Red
3262,2,0,Top Cleaner,1000,Blue
3263,1,0,Top Cleaner,1000,Red
3263,2,1,CleanR,800,Blue
3264,1,1,Top Cleaner,800,Blue
3264,2,0,Top Cleaner,1000,Red
3265,1,1,Top Cleaner,800,Blue
3265,2,0,Top Cleaner,800,Blue
3266,1,1,CleanR,1000,Blue
3266,2,0,Top Cleaner,1000,Blue
3267,1,0,CleanR,1000,Red
3267,2,1,CleanR,800,Blue
3268,1,0,Top Cleaner,1000,Blue
3268,2,1,Top Cleaner,800,Red
3269,1,0,Top Cleaner,1000,Blue
3269,2,1,Top Cleaner,1000,Red
3270,1,0,Top Cleaner,800,Blue
3270,2,1,Top Cleaner,800,Red
3271,1,0,Top Cleaner,1000,Blue
3271,2,1,Top Cleaner,1000,Red
3272,1,0,Top Cleaner,800,Blue
3272,2,1,CleanR,800,Blue
3273,1,1,CleanR,800,Red
3273,2,0,CleanR,800,Blue
3274,1,0,Top Cleaner,1000,Blue
3274,2,1,Top Cleaner,1000,Blue
3275,1,0,CleanR,800,Blue
3275,2,1,CleanR,1000,Blue
3276,1,1,CleanR,1000,Red
3276,2,0,CleanR,1000,Blue
3277,1,1,Top Cleaner,800,Red
3277,2,0,Top Cleaner,800,Blue
3278,1,1,Top Cleaner,800,Blue
3278,2,0,Top Cleaner,1000,Blue
3279,1,0,Top Cleaner,800,Blue
3279,2,1,Top Cleaner,800,Red
3280,1,1,Top Cleaner,1000,Blue
3280,2,0,Top Cleaner,1000,Blue
3281,1,1,Top Cleaner,800,Red
3281,2,0,Top Cleaner,800,Blue
3282,1,1,Top Cleaner,800,Blue
3282,2,0,Top Cleaner,1000,Red
3283,1,1,Top Cleaner,800,Red
3283,2,0,CleanR,800,Blue
3284,1,0,Top Cleaner,800,Red
3284,2,1,CleanR,800,Blue
3285,1,1,CleanR,1000,Blue
3285,2,0,Top Cleaner,1000,Blue
3286,1,0,Top Cleaner,800,Blue
3286,2,1,Top Cleaner,800,Blue
3287,1,1,CleanR,1000,Red
3287,2,0,CleanR,1000,Blue
3288,1,0,Top Cleaner,1000,Red
3288,2,1,Top Cleaner,800,Red
3289,1,1,CleanR,800,Blue
3289,2,0,CleanR,800,Red
3290,1,1,Top Cleaner,800,Blue
3290,2,0,Top Cleaner,1000,Blue
3291,1,1,Top Cleaner,1000,Red
3291,2,0,Top Cleaner,800,Blue
3292,1,0,Top Cleaner,800,Red
3292,2,1,CleanR,1000,Blue
3293,1,0,Top Cleaner,800,Red
3293,2,1,CleanR,800,Blue
3294,1,1,Top Cleaner,800,Red
3294,2,0,Top Cleaner,800,Red
3295,1,0,Top Cleaner,1000,Blue
3295,2,1,Top Cleaner,800,Blue
3296,1,0,Top Cleaner,800,Blue
3296,2,1,Top Cleaner,800,Red
3297,1,0,CleanR,1000,Blue
3297,2,1,Top Cleaner,800,Blue
3298,1,1,Top Cleaner,800,Red
3298,2,0,Top Cleaner,800,Red
3299,1,1,Top Cleaner,800,Blue
3299,2,0,Top Cleaner,1000,Red
3300,1,1,CleanR,1000,Blue
3300,2,0,Top Cleaner,1000,Red
3301,1,1,Top Cleaner,800,Blue
3301,2,0,CleanR,800,Blue
3302,1,1,Top Cleaner,800,Red
3302,2,0,Top Cleaner,800,Blue
3303,1,0,Top Cleaner,800,Red
3303,2,1,CleanR,800,Red
3304,1,0,Top Cleaner,1000,Red
3304,2,1,CleanR,800,Blue
3305,1,0,CleanR,1000,Blue
3305,2,1,CleanR,1000,Blue
3306,1,1,Top Cleaner,800,Red
3306,2,0,Top Cleaner,1000,Blue
3307,1,1,CleanR,1000,Red
3307,2,0,Top Cleaner,1000,Blue
3308,1,0,Top Cleaner,1000,Red
3308,2,1,Top Cleaner,800,Red
3309,1,1,Top Cleaner,1000,Blue
3309,2,0,Top Cleaner,1000,Blue
3310,1,0,Top Cleaner,1000,Blue
3310,2,1,Top Cleaner,1000,Blue
3311,1,1,Top Cleaner,800,Blue
3311,2,0,Top Cleaner,1000,Blue
3312,1,1,CleanR,800,Red
3312,2,0,CleanR,1000,Red
3313,1,1,Top Cleaner,1000,Red
3313,2,0,Top Cleaner,1000,Red
3314,1,1,CleanR,1000,Red
3314,2,0,Top Cleaner,800,Blue
3315,1,0,Top Cleaner,1000,Blue
3315,2,1,Top Cleaner,1000,Red
3316,1,0,Top Cleaner,1000,Blue
3316,2,1,Top Cleaner,1000,Red
3317,1,1,CleanR,800,Red
3317,2,0,Top Cleaner,800,Blue
3318,1,0,Top Cleaner,1000,Red
3318,2,1,CleanR,800,Red
3319,1,0,Top Cleaner,800,Blue
3319,2,1,CleanR,800,Blue
3320,1,0,Top Cleaner,1000,Blue
3320,2,1,Top Cleaner,800,Red
3321,1,1,CleanR,1000,Red
3321,2,0,Top Cleaner,800,Blue
3322,1,1,Top Cleaner,800,Blue
3322,2,0,Top Cleaner,1000,Red
3323,1,0,Top Cleaner,1000,Blue
3323,2,1,Top Cleaner,800,Red
3324,1,0,Top Cleaner,800,Blue
3324,2,1,Top Cleaner,1000,Blue
3325,1,1,CleanR,800,Red
3325,2,0,Top Cleaner,800,Blue
3326,1,1,Top Cleaner,800,Blue
3326,2,0,Top Cleaner,1000,Blue
3327,1,1,Top Cleaner,800,Red
3327,2,0,Top Cleaner,1000,Red
3328,1,1,CleanR,800,Blue
3328,2,0,Top Cleaner,800,Blue
3329,1,0,Top Cleaner,1000,Red
3329,2,1,CleanR,800,Blue
3330,1,0,Top Cleaner,1000,Blue
3330,2,1,Top Cleaner,800,Blue
3331,1,0,Top Cleaner,800,Blue
3331,2,1,CleanR,800,Red
3332,1,0,Top Cleaner,1000,Blue
3332,2,1,CleanR,1000,Red
3333,1,1,CleanR,800,Red
3333,2,0,Top Cleaner,800,Blue
3334,1,0,Top Cleaner,800,Blue
3334,2,1,CleanR,1000,Blue
3335,1,0,CleanR,1000,Red
3335,2,1,CleanR,800,Red
3336,1,0,Top Cleaner,800,Red
3336,2,1,CleanR,800,Blue
3337,1,0,Top Cleaner,800,Blue
3337,2,1,Top Cleaner,800,Blue
3338,1,0,Top Cleaner,800,Blue
3338,2,1,CleanR,800,Blue
3339,1,1,CleanR,1000,Red
3339,2,0,Top Cleaner,1000,Blue
3340,1,0,Top Cleaner,1000,Blue
3340,2,1,Top Cleaner,800,Blue
3341,1,1,Top Cleaner,800,Red
3341,2,0,Top Cleaner,800,Blue
3342,1,0,CleanR,800,Blue
3342,2,1,CleanR,800,Red
3343,1,1,CleanR,1000,Blue
3343,2,0,Top Cleaner,800,Blue
3344,1,1,Top Cleaner,800,Red
3344,2,0,CleanR,1000,Blue
3345,1,0,Top Cleaner,1000,Red
3345,2,1,CleanR,1000,Blue
3346,1,1,CleanR,1000,Red
3346,2,0,CleanR,1000,Blue
3347,1,0,Top Cleaner,800,Red
3347,2,1,CleanR,800,Blue
3348,1,0,CleanR,800,Red
3348,2,1,CleanR,800,Blue
3349,1,1,CleanR,800,Blue
3349,2,0,CleanR,800,Blue
3350,1,1,Top Cleaner,800,Blue
3350,2,0,Top Cleaner,1000,Blue
3351,1,0,CleanR,1000,Red
3351,2,1,Top Cleaner,800,Blue
3352,1,1,Top Cleaner,800,Blue
3352,2,0,Top Cleaner,1000,Blue
3353,1,1,CleanR,800,Red
3353,2,0,Top Cleaner,800,Red
3354,1,0,Top Cleaner,1000,Blue
3354,2,1,CleanR,800,Blue
3355,1,1,Top Cleaner,800,Blue
3355,2,0,Top Cleaner,1000,Red
3356,1,0,Top Cleaner,1000,Red
3356,2,1,CleanR,1000,Blue
3357,1,0,Top Cleaner,1000,Blue
3357,2,1,Top Cleaner,800,Red
3358,1,0,Top Cleaner,1000,Red
3358,2,1,Top Cleaner,800,Blue
3359,1,1,CleanR,800,Blue
3359,2,0,Top Cleaner,800,Blue
3360,1,0,Top Cleaner,800,Red
3360,2,1,CleanR,1000,Red
3361,1,1,Top Cleaner,800,Blue
3361,2,0,Top Cleaner,1000,Red
3362,1,1,Top Cleaner,800,Red
3362,2,0,Top Cleaner,800,Red
3363,1,1,CleanR,1000,Red
3363,2,0,Top Cleaner,1000,Red
3364,1,1,CleanR,800,Blue
3364,2,0,Top Cleaner,1000,Blue
3365,1,0,Top Cleaner,1000,Red
3365,2,1,Top Cleaner,800,Red
3366,1,0,Top Cleaner,1000,Blue
3366,2,1,Top Cleaner,1000,Blue
3367,1,1,CleanR,800,Blue
3367,2,0,Top Cleaner,800,Red
3368,1,1,Top Cleaner,1000,Red
3368,2,0,CleanR,1000,Blue
3369,1,0,Top Cleaner,800,Red
3369,2,1,CleanR,800,Blue
3370,1,0,Top Cleaner,1000,Blue
3370,2,1,Top Cleaner,800,Blue
3371,1,1,CleanR,800,Blue
3371,2,0,Top Cleaner,1000,Blue
3372,1,0,Top Cleaner,1000,Blue
3372,2,1,Top Cleaner,800,Red
3373,1,1,Top Cleaner,800,Blue
3373,2,0,Top Cleaner,800,Red
3374,1,1,CleanR,1000,Blue
3374,2,0,Top Cleaner,800,Red
3375,1,0,Top Cleaner,800,Blue
3375,2,1,Top Cleaner,800,Blue
3376,1,1,CleanR,800,Blue
3376,2,0,Top Cleaner,800,Blue
3377,1,1,Top Cleaner,800,Blue
3377,2,0,Top Cleaner,1000,Red
3378,1,1,CleanR,800,Red
3378,2,0,Top Cleaner,1000,Blue
3379,1,0,Top Cleaner,1000,Blue
3379,2,1,Top Cleaner,1000,Blue
3380,1,1,Top Cleaner,800,Red
3380,2,0,Top Cleaner,1000,Blue
3381,1,1,CleanR,800,Blue
3381,2,0,Top Cleaner,800,Blue
3382,1,1,Top Cleaner,1000,Red
3382,2,0,Top Cleaner,1000,Blue
3383,1,1,Top Cleaner,800,Red
3383,2,0,Top Cleaner,1000,Blue
3384,1,0,Top Cleaner,1000,Red
3384,2,1,CleanR,800,Blue
3385,1,0,Top Cleaner,800,Red
3385,2,1,CleanR,800,Red
3386,1,0,Top Cleaner,800,Blue
3386,2,1,Top Cleaner,800,Red
3387,1,1,CleanR,800,Blue
3387,2,0,Top Cleaner,800,Blue
3388,1,0,Top Cleaner,800,Blue
3388,2,1,CleanR,800,Red
3389,1,0,Top Cleaner,800,Red
3389,2,1,Top Cleaner,1000,Red
3390,1,0,Top Cleaner,800,Blue
3390,2,1,CleanR,800,Blue
3391,1,0,Top Cleaner,1000,Blue
3391,2,1,CleanR,800,Red
3392,1,1,Top Cleaner,800,Red
3392,2,0,Top Cleaner,1000,Blue
3393,1,0,Top Cleaner,800,Blue
3393,2,1,CleanR,800,Blue
3394,1,0,Top Cleaner,800,Blue
3394,2,1,CleanR,800,Red
3395,1,0,Top Cleaner,800,Red
3395,2,1,Top Cleaner,800,Red
3396,1,1,CleanR,800,Red
3396,2,0,Top Cleaner,800,Blue
3397,1,0,Top Cleaner,800,Red
3397,2,1,Top Cleaner,800,Red
3398,1,0,Top Cleaner,1000,Red
3398,2,1,Top Cleaner,800,Blue
3399,1,0,Top Cleaner,800,Blue
3399,2,1,CleanR,800,Blue
3400,1,0,Top Cleaner,1000,Blue
3400,2,1,Top Cleaner,1000,Blue
3401,1,0,Top Cleaner,1000,Blue
3401,2,1,Top Cleaner,800,Blue
3402,1,1,Top Cleaner,1000,Blue
3402,2,0,Top Cleaner,800,Blue
3403,1,1,Top Cleaner,800,Red
3403,2,0,Top Cleaner,800,Red
3404,1,0,Top Cleaner,800,Blue
3404,2,1,Top Cleaner,800,Red
3405,1,0,Top Cleaner,1000,Blue
3405,2,1,CleanR,1000,Blue
3406,1,0,Top Cleaner,1000,Blue
3406,2,1,Top Cleaner,800,Red
3407,1,1,CleanR,1000,Blue
3407,2,0,Top Cleaner,1000,Blue
3408,1,1,Top Cleaner,800,Red
3408,2,0,Top Cleaner,1000,Blue
3409,1,1,CleanR,800,Red
3409,2,0,Top Cleaner,800,Red
3410,1,1,Top Cleaner,800,Red
3410,2,0,Top Cleaner,1000,Red
3411,1,0,Top Cleaner,1000,Blue
3411,2,1,Top Cleaner,800,Blue
3412,1,1,Top Cleaner,800,Red
3412,2,0,Top Cleaner,800,Blue
3413,1,0,Top Cleaner,1000,Blue
3413,2,1,Top Cleaner,1000,Red
3414,1,1,CleanR,800,Blue
3414,2,0,Top Cleaner,800,Red
3415,1,0,CleanR,1000,Blue
3415,2,1,Top Cleaner,800,Blue
3416,1,0,Top Cleaner,800,Red
3416,2,1,Top Cleaner,800,Blue
3417,1,1,CleanR,800,Red
3417,2,0,Top Cleaner,800,Red
3418,1,1,Top Cleaner,800,Blue
3418,2,0,Top Cleaner,1000,Blue
3419,1,1,CleanR,800,Blue
3419,2,0,Top Cleaner,800,Red
3420,1,0,Top Cleaner,800,Red
3420,2,1,Top Cleaner,800,Red
3421,1,0,Top Cleaner,1000,Blue
3421,2,1,Top Cleaner,800,Blue
3422,1,0,Top Cleaner,1000,Red
3422,2,1,Top Cleaner,800,Blue
3423,1,1,CleanR,800,Red
3423,2,0,CleanR,1000,Red
3424,1,0,Top Cleaner,800,Blue
3424,2,1,CleanR,1000,Red
3425,1,0,Top Cleaner,800,Blue
3425,2,1,Top Cleaner,800,Red
3426,1,0,Top Cleaner,800,Blue
3426,2,1,CleanR,800,Blue
3427,1,1,CleanR,1000,Red
3427,2,0,CleanR,1000,Blue
3428,1,0,Top Cleaner,1000,Red
3428,2,1,Top Cleaner,1000,Blue
3429,1,0,Top Cleaner,1000,Blue
3429,2,1,Top Cleaner,800,Blue
3430,1,1,CleanR,800,Red
3430,2,0,CleanR,1000,Red
3431,1,0,Top Cleaner,1000,Blue
3431,2,1,Top Cleaner,800,Blue
3432,1,0,Top Cleaner,800,Red
3432,2,1,Top Cleaner,800,Red
3433,1,1,Top Cleaner,800,Red
3433,2,0,Top Cleaner,800,Red
3434,1,1,Top Cleaner,800,Blue
3434,2,0,CleanR,1000,Blue
3435,1,1,Top Cleaner,800,Red
3435,2,0,Top Cleaner,1000,Blue
3436,1,1,Top Cleaner,800,Red
3436,2,0,Top Cleaner,800,Red
3437,1,1,CleanR,1000,Blue
3437,2,0,Top Cleaner,800,Blue
3438,1,0,CleanR,1000,Red
3438,2,1,CleanR,800,Blue
3439,1,1,Top Cleaner,800,Blue
3439,2,0,Top Cleaner,1000,Red
3440,1,0,Top Cleaner,800,Red
3440,2,1,Top Cleaner,800,Red
3441,1,0,Top Cleaner,1000,Red
3441,2,1,Top Cleaner,800,Blue
3442,1,1,CleanR,800,Blue
3442,2,0,CleanR,800,Blue
3443,1,1,Top Cleaner,800,Blue
3443,2,0,Top Cleaner,1000,Blue
3444,1,1,Top Cleaner,800,Blue
3444,2,0,Top Cleaner,1000,Blue
3445,1,1,Top Cleaner,800,Blue
3445,2,0,Top Cleaner,1000,Blue
3446,1,0,Top Cleaner,1000,Blue
3446,2,1,Top Cleaner,800,Blue
3447,1,1,Top Cleaner,800,Blue
3447,2,0,Top Cleaner,800,Blue
3448,1,0,Top Cleaner,1000,Red
3448,2,1,Top Cleaner,1000,Red
3449,1,0,Top Cleaner,1000,Blue
3449,2,1,CleanR,800,Blue
3450,1,0,Top Cleaner,1000,Blue
3450,2,1,CleanR,1000,Blue
3451,1,0,Top Cleaner,1000,Blue
3451,2,1,Top Cleaner,800,Blue
3452,1,0,Top Cleaner,1000,Red
3452,2,1,CleanR,1000,Blue
3453,1,1,Top Cleaner,800,Red
3453,2,0,Top Cleaner,1000,Blue
3454,1,0,Top Cleaner,1000,Blue
3454,2,1,CleanR,800,Blue
3455,1,0,Top Cleaner,1000,Red
3455,2,1,Top Cleaner,800,Red
3456,1,0,Top Cleaner,1000,Blue
3456,2,1,Top Cleaner,1000,Blue
3457,1,1,Top Cleaner,800,Red
3457,2,0,Top Cleaner,1000,Red
3458,1,0,Top Cleaner,1000,Blue
3458,2,1,CleanR,800,Red
3459,1,0,Top Cleaner,1000,Red
3459,2,1,Top Cleaner,800,Blue
3460,1,1,Top Cleaner,800,Red
3460,2,0,CleanR,800,Blue
3461,1,1,CleanR,800,Red
3461,2,0,Top Cleaner,800,Blue
3462,1,0,Top Cleaner,1000,Red
3462,2,1,Top Cleaner,800,Red
3463,1,1,Top Cleaner,800,Red
3463,2,0,Top Cleaner,1000,Red
3464,1,1,Top Cleaner,800,Red
3464,2,0,Top Cleaner,800,Blue
3465,1,1,Top Cleaner,800,Blue
3465,2,0,Top Cleaner,800,Blue
3466,1,0,CleanR,1000,Blue
3466,2,1,CleanR,800,Blue
3467,1,1,CleanR,800,Red
3467,2,0,Top Cleaner,800,Blue
3468,1,0,Top Cleaner,800,Blue
3468,2,1,CleanR,800,Blue
3469,1,0,Top Cleaner,800,Blue
3469,2,1,Top Cleaner,800,Blue
3470,1,0,Top Cleaner,800,Blue
3470,2,1,Top Cleaner,1000,Red
3471,1,0,Top Cleaner,1000,Red
3471,2,1,CleanR,800,Blue
3472,1,0,Top Cleaner,800,Red
3472,2,1,CleanR,1000,Blue
3473,1,1,CleanR,800,Red
3473,2,0,CleanR,1000,Blue
3474,1,1,CleanR,1000,Blue
3474,2,0,Top Cleaner,800,Blue
3475,1,1,Top Cleaner,800,Red
3475,2,0,Top Cleaner,1000,Blue
3476,1,0,Top Cleaner,1000,Blue
3476,2,1,CleanR,800,Red
3477,1,1,Top Cleaner,800,Red
3477,2,0,Top Cleaner,800,Blue
3478,1,1,Top Cleaner,800,Blue
3478,2,0,Top Cleaner,800,Blue
3479,1,0,Top Cleaner,800,Red
3479,2,1,Top Cleaner,800,Blue
3480,1,1,CleanR,1000,Blue
3480,2,0,Top Cleaner,800,Blue
3481,1,0,Top Cleaner,1000,Blue
3481,2,1,CleanR,800,Blue
3482,1,0,Top Cleaner,1000,Blue
3482,2,1,Top Cleaner,1000,Red
3483,1,0,Top Cleaner,800,Blue
3483,2,1,Top Cleaner,800,Red
3484,1,1,Top Cleaner,800,Red
3484,2,0,Top Cleaner,1000,Red
3485,1,1,Top Cleaner,800,Blue
3485,2,0,Top Cleaner,800,Red
3486,1,0,Top Cleaner,1000,Blue
3486,2,1,CleanR,800,Red
3487,1,1,CleanR,800,Red
3487,2,0,Top Cleaner,800,Red
3488,1,1,CleanR,800,Blue
3488,2,0,CleanR,800,Blue
3489,1,0,CleanR,800,Blue
3489,2,1,CleanR,800,Red
3490,1,1,CleanR,800,Red
3490,2,0,Top Cleaner,800,Blue
3491,1,1,Top Cleaner,800,Blue
3491,2,0,Top Cleaner,800,Blue
3492,1,1,Top Cleaner,800,Red
3492,2,0,Top Cleaner,1000,Blue
3493,1,0,Top Cleaner,1000,Blue
3493,2,1,Top Cleaner,1000,Blue
3494,1,1,CleanR,800,Blue
3494,2,0,Top Cleaner,800,Blue
3495,1,0,Top Cleaner,1000,Red
3495,2,1,Top Cleaner,1000,Blue
3496,1,1,CleanR,800,Red
3496,2,0,Top Cleaner,1000,Blue
3497,1,0,CleanR,800,Red
3497,2,1,CleanR,800,Red
3498,1,1,Top Cleaner,800,Red
3498,2,0,Top Cleaner,800,Blue
3499,1,0,Top Cleaner,1000,Blue
3499,2,1,CleanR,800,Blue
3500,1,0,Top Cleaner,800,Blue
3500,2,1,CleanR,800,Blue
3501,1,1,Top Cleaner,800,Red
3501,2,0,Top Cleaner,1000,Red
3502,1,0,Top Cleaner,800,Blue
3502,2,1,CleanR,800,Red
3503,1,1,CleanR,800,Blue
3503,2,0,CleanR,1000,Blue
3504,1,1,Top Cleaner,1000,Blue
3504,2,0,Top Cleaner,1000,Blue
3505,1,0,Top Cleaner,800,Red
3505,2,1,CleanR,800,Red
3506,1,1,Top Cleaner,800,Red
3506,2,0,CleanR,1000,Blue
3507,1,1,Top Cleaner,1000,Blue
3507,2,0,Top Cleaner,800,Blue
3508,1,1,Top Cleaner,800,Red
3508,2,0,Top Cleaner,800,Red
3509,1,1,Top Cleaner,800,Red
3509,2,0,Top Cleaner,1000,Blue
3510,1,1,CleanR,1000,Red
3510,2,0,Top Cleaner,1000,Red
3511,1,1,CleanR,800,Red
3511,2,0,Top Cleaner,1000,Red
3512,1,0,Top Cleaner,800,Blue
3512,2,1,CleanR,800,Red
3513,1,0,Top Cleaner,800,Red
3513,2,1,CleanR,800,Red
3514,1,1,Top Cleaner,800,Red
3514,2,0,Top Cleaner,1000,Red
3515,1,1,Top Cleaner,800,Red
3515,2,0,Top Cleaner,800,Blue
3516,1,1,Top Cleaner,800,Red
3516,2,0,Top Cleaner,800,Blue
3517,1,0,Top Cleaner,1000,Blue
3517,2,1,CleanR,1000,Blue
3518,1,0,Top Cleaner,800,Red
3518,2,1,CleanR,800,Blue
3519,1,1,CleanR,800,Blue
3519,2,0,Top Cleaner,800,Red
3520,1,0,Top Cleaner,1000,Blue
3520,2,1,Top Cleaner,1000,Red
3521,1,1,Top Cleaner,800,Blue
3521,2,0,Top Cleaner,1000,Red
3522,1,0,Top Cleaner,1000,Blue
3522,2,1,CleanR,800,Red
3523,1,0,Top Cleaner,800,Red
3523,2,1,CleanR,800,Blue
3524,1,0,Top Cleaner,800,Blue
3524,2,1,Top Cleaner,800,Red
3525,1,0,Top Cleaner,1000,Blue
3525,2,1,Top Cleaner,800,Blue
3526,1,1,Top Cleaner,800,Blue
3526,2,0,Top Cleaner,1000,Blue
3527,1,1,Top Cleaner,800,Blue
3527,2,0,Top Cleaner,1000,Red
3528,1,0,CleanR,800,Red
3528,2,1,CleanR,800,Red
3529,1,1,CleanR,1000,Blue
3529,2,0,Top Cleaner,1000,Red
3530,1,1,CleanR,800,Blue
3530,2,0,Top Cleaner,800,Blue
3531,1,1,Top Cleaner,800,Blue
3531,2,0,Top Cleaner,1000,Red
3532,1,1,CleanR,800,Blue
3532,2,0,Top Cleaner,1000,Red
3533,1,1,Top Cleaner,800,Red
3533,2,0,Top Cleaner,800,Blue
3534,1,0,Top Cleaner,1000,Red
3534,2,1,CleanR,1000,Red
3535,1,0,CleanR,1000,Blue
3535,2,1,CleanR,800,Blue
3536,1,0,Top Cleaner,1000,Blue
3536,2,1,Top Cleaner,800,Blue
3537,1,1,CleanR,800,Red
3537,2,0,Top Cleaner,800,Blue
3538,1,0,Top Cleaner,800,Blue
3538,2,1,Top Cleaner,800,Red
3539,1,1,Top Cleaner,800,Red
3539,2,0,Top Cleaner,800,Red
3540,1,1,Top Cleaner,800,Red
3540,2,0,Top Cleaner,1000,Blue
3541,1,1,Top Cleaner,1000,Red
3541,2,0,Top Cleaner,1000,Red
3542,1,0,CleanR,1000,Blue
3542,2,1,CleanR,800,Red
3543,1,0,Top Cleaner,800,Red
3543,2,1,Top Cleaner,800,Red
3544,1,0,Top Cleaner,800,Blue
3544,2,1,CleanR,1000,Red
3545,1,1,CleanR,800,Blue
3545,2,0,Top Cleaner,800,Blue
3546,1,1,CleanR,800,Red
3546,2,0,Top Cleaner,1000,Red
3547,1,1,Top Cleaner,800,Blue
3547,2,0,Top Cleaner,1000,Red
3548,1,1,CleanR,800,Blue
3548,2,0,Top Cleaner,1000,Red
3549,1,0,Top Cleaner,1000,Red
3549,2,1,Top Cleaner,1000,Blue
3550,1,1,CleanR,800,Red
3550,2,0,Top Cleaner,800,Red
3551,1,1,CleanR,1000,Blue
3551,2,0,Top Cleaner,800,Blue
3552,1,1,Top Cleaner,800,Red
3552,2,0,Top Cleaner,800,Blue
3553,1,1,CleanR,800,Blue
3553,2,0,Top Cleaner,800,Blue
3554,1,1,CleanR,1000,Blue
3554,2,0,Top Cleaner,800,Blue
3555,1,1,Top Cleaner,800,Blue
3555,2,0,Top Cleaner,800,Blue
3556,1,1,CleanR,1000,Blue
3556,2,0,Top Cleaner,1000,Red
3557,1,1,Top Cleaner,800,Blue
3557,2,0,Top Cleaner,800,Blue
3558,1,0,Top Cleaner,1000,Blue
3558,2,1,CleanR,1000,Blue
3559,1,0,Top Cleaner,1000,Blue
3559,2,1,CleanR,800,Blue
3560,1,0,Top Cleaner,800,Blue
3560,2,1,Top Cleaner,800,Blue
3561,1,1,Top Cleaner,800,Red
3561,2,0,Top Cleaner,1000,Blue
3562,1,0,Top Cleaner,800,Red
3562,2,1,Top Cleaner,800,Red
3563,1,0,Top Cleaner,1000,Red
3563,2,1,Top Cleaner,800,Red
3564,1,0,Top Cleaner,1000,Blue
3564,2,1,CleanR,1000,Red
3565,1,1,Top Cleaner,1000,Red
3565,2,0,Top Cleaner,1000,Blue
3566,1,1,CleanR,800,Blue
3566,2,0,Top Cleaner,800,Red
3567,1,0,Top Cleaner,800,Blue
3567,2,1,CleanR,800,Blue
3568,1,1,CleanR,1000,Red
3568,2,0,Top Cleaner,1000,Blue
3569,1,1,Top Cleaner,800,Blue
3569,2,0,Top Cleaner,800,Blue
3570,1,0,CleanR,800,Blue
3570,2,1,CleanR,800,Blue
3571,1,0,CleanR,800,Red
3571,2,1,Top Cleaner,800,Red
3572,1,1,Top Cleaner,800,Blue
3572,2,0,Top Cleaner,800,Blue
3573,1,0,Top Cleaner,1000,Blue
3573,2,1,Top Cleaner,1000,Red
3574,1,1,CleanR,800,Blue
3574,2,0,Top Cleaner,1000,Blue
3575,1,1,CleanR,1000,Blue
3575,2,0,Top Cleaner,1000,Blue
3576,1,1,CleanR,800,Red
3576,2,0,CleanR,1000,Red
3577,1,1,Top Cleaner,1000,Red
3577,2,0,Top Cleaner,1000,Blue
3578,1,0,Top Cleaner,1000,Blue
3578,2,1,Top Cleaner,800,Red
3579,1,1,Top Cleaner,800,Blue
3579,2,0,CleanR,1000,Blue
3580,1,0,Top Cleaner,800,Blue
3580,2,1,Top Cleaner,800,Red
3581,1,1,CleanR,800,Blue
3581,2,0,Top Cleaner,800,Blue
3582,1,1,Top Cleaner,800,Blue
3582,2,0,Top Cleaner,1000,Blue
3583,1,0,Top Cleaner,800,Red
3583,2,1,Top Cleaner,800,Red
3584,1,1,CleanR,800,Red
3584,2,0,Top Cleaner,800,Blue
3585,1,1,CleanR,800,Red
3585,2,0,CleanR,1000,Red
3586,1,0,Top Cleaner,800,Red
3586,2,1,Top Cleaner,800,Red
3587,1,1,Top Cleaner,800,Blue
3587,2,0,Top Cleaner,800,Red
3588,1,0,CleanR,1000,Blue
3588,2,1,Top Cleaner,800,Red
3589,1,0,Top Cleaner,800,Blue
3589,2,1,Top Cleaner,800,Red
3590,1,1,Top Cleaner,800,Blue
3590,2,0,Top Cleaner,1000,Blue
3591,1,0,Top Cleaner,1000,Blue
3591,2,1,Top Cleaner,1000,Red
3592,1,0,Top Cleaner,1000,Red
3592,2,1,Top Cleaner,800,Blue
3593,1,1,Top Cleaner,1000,Blue
3593,2,0,Top Cleaner,1000,Blue
3594,1,0,Top Cleaner,1000,Blue
3594,2,1,Top Cleaner,800,Blue
3595,1,0,Top Cleaner,1000,Blue
3595,2,1,Top Cleaner,1000,Blue
3596,1,1,CleanR,800,Blue
3596,2,0,Top Cleaner,800,Blue
3597,1,1,Top Cleaner,800,Blue
3597,2,0,Top Cleaner,1000,Blue
3598,1,0,CleanR,800,Blue
3598,2,1,CleanR,800,Blue
3599,1,0,Top Cleaner,800,Red
3599,2,1,Top Cleaner,1000,Blue
3600,1,1,Top Cleaner,800,Red
3600,2,0,Top Cleaner,800,Blue
3601,1,0,Top Cleaner,1000,Red
3601,2,1,CleanR,800,Red
3602,1,1,Top Cleaner,800,Blue
3602,2,0,Top Cleaner,1000,Blue
3603,1,1,Top Cleaner,800,Red
3603,2,0,Top Cleaner,800,Blue
3604,1,1,Top Cleaner,800,Red
3604,2,0,Top Cleaner,1000,Blue
3605,1,1,Top Cleaner,800,Red
3605,2,0,CleanR,1000,Blue
3606,1,1,CleanR,1000,Blue
3606,2,0,Top Cleaner,800,Red
3607,1,1,CleanR,800,Red
3607,2,0,Top Cleaner,800,Blue
3608,1,1,Top Cleaner,1000,Red
3608,2,0,Top Cleaner,800,Blue
3609,1,1,CleanR,1000,Red
3609,2,0,Top Cleaner,800,Red
3610,1,0,Top Cleaner,1000,Red
3610,2,1,Top Cleaner,800,Red
3611,1,0,Top Cleaner,1000,Red
3611,2,1,CleanR,1000,Red
3612,1,0,Top Cleaner,1000,Blue
3612,2,1,Top Cleaner,800,Blue
3613,1,0,Top Cleaner,800,Blue
3613,2,1,Top Cleaner,800,Blue
3614,1,1,Top Cleaner,800,Blue
3614,2,0,Top Cleaner,1000,Blue
3615,1,0,Top Cleaner,1000,Red
3615,2,1,Top Cleaner,800,Red
3616,1,0,Top Cleaner,1000,Red
3616,2,1,Top Cleaner,800,Blue
3617,1,0,Top Cleaner,800,Red
3617,2,1,Top Cleaner,800,Red
3618,1,0,Top Cleaner,800,Blue
3618,2,1,CleanR,800,Red
3619,1,1,Top Cleaner,800,Blue
3619,2,0,Top Cleaner,1000,Blue
3620,1,1,CleanR,1000,Red
3620,2,0,Top Cleaner,1000,Red
3621,1,1,Top Cleaner,1000,Red
3621,2,0,Top Cleaner,800,Blue
3622,1,0,Top Cleaner,800,Red
3622,2,1,CleanR,1000,Red
3623,1,1,Top Cleaner,800,Blue
3623,2,0,Top Cleaner,800,Blue
3624,1,1,Top Cleaner,800,Blue
3624,2,0,Top Cleaner,1000,Blue
3625,1,1,Top Cleaner,800,Blue
3625,2,0,Top Cleaner,800,Red
3626,1,1,CleanR,800,Red
3626,2,0,Top Cleaner,800,Blue
3627,1,0,Top Cleaner,1000,Red
3627,2,1,Top Cleaner,800,Blue
3628,1,0,Top Cleaner,800,Red
3628,2,1,CleanR,800,Red
3629,1,0,Top Cleaner,800,Red
3629,2,1,CleanR,800,Red
3630,1,0,Top Cleaner,800,Red
3630,2,1,CleanR,800,Blue
3631,1,1,Top Cleaner,800,Blue
3631,2,0,Top Cleaner,1000,Blue
3632,1,0,Top Cleaner,1000,Blue
3632,2,1,Top Cleaner,1000,Blue
3633,1,1,Top Cleaner,800,Red
3633,2,0,Top Cleaner,1000,Blue
3634,1,1,Top Cleaner,800,Red
3634,2,0,CleanR,1000,Blue
3635,1,0,CleanR,1000,Blue
3635,2,1,Top Cleaner,800,Red
3636,1,1,Top Cleaner,1000,Blue
3636,2,0,Top Cleaner,1000,Blue
3637,1,1,Top Cleaner,800,Blue
3637,2,0,Top Cleaner,800,Blue
3638,1,1,Top Cleaner,1000,Blue
3638,2,0,Top Cleaner,800,Blue
3639,1,1,Top Cleaner,800,Blue
3639,2,0,Top Cleaner,1000,Red
3640,1,0,Top Cleaner,1000,Red
3640,2,1,Top Cleaner,800,Blue
3641,1,0,Top Cleaner,800,Blue
3641,2,1,CleanR,1000,Blue
3642,1,1,Top Cleaner,800,Blue
3642,2,0,Top Cleaner,800,Blue
3643,1,1,CleanR,1000,Blue
3643,2,0,Top Cleaner,800,Blue
3644,1,0,Top Cleaner,1000,Red
3644,2,1,Top Cleaner,800,Red
3645,1,0,Top Cleaner,800,Red
3645,2,1,Top Cleaner,800,Blue
3646,1,1,CleanR,1000,Blue
3646,2,0,Top Cleaner,1000,Blue
3647,1,0,Top Cleaner,1000,Blue
3647,2,1,Top Cleaner,800,Blue
3648,1,0,Top Cleaner,800,Blue
3648,2,1,Top Cleaner,800,Red
3649,1,1,Top Cleaner,800,Red
3649,2,0,Top Cleaner,1000,Blue
3650,1,1,CleanR,800,Red
3650,2,0,CleanR,800,Blue
3651,1,1,CleanR,800,Blue
3651,2,0,Top Cleaner,1000,Blue
3652,1,0,Top Cleaner,800,Blue
3652,2,1,Top Cleaner,800,Blue
3653,1,0,Top Cleaner,800,Red
3653,2,1,CleanR,800,Red
3654,1,1,CleanR,800,Blue
3654,2,0,Top Cleaner,1000,Blue
3655,1,0,CleanR,1000,Blue
3655,2,1,CleanR,1000,Blue
3656,1,1,Top Cleaner,800,Blue
3656,2,0,Top Cleaner,1000,Blue
3657,1,1,Top Cleaner,800,Red
3657,2,0,CleanR,1000,Blue
3658,1,0,Top Cleaner,800,Blue
3658,2,1,CleanR,800,Red
3659,1,1,CleanR,800,Blue
3659,2,0,Top Cleaner,1000,Blue
3660,1,1,Top Cleaner,800,Blue
3660,2,0,Top Cleaner,1000,Blue
3661,1,0,Top Cleaner,800,Blue
3661,2,1,Top Cleaner,1000,Blue
3662,1,1,CleanR,800,Red
3662,2,0,Top Cleaner,800,Blue
3663,1,0,Top Cleaner,800,Blue
3663,2,1,Top Cleaner,800,Blue
3664,1,1,CleanR,800,Blue
3664,2,0,Top Cleaner,800,Blue
3665,1,1,Top Cleaner,800,Blue
3665,2,0,Top Cleaner,1000,Red
3666,1,0,Top Cleaner,800,Blue
3666,2,1,CleanR,800,Blue
3667,1,0,Top Cleaner,1000,Blue
3667,2,1,Top Cleaner,800,Blue
3668,1,1,Top Cleaner,800,Red
3668,2,0,Top Cleaner,800,Blue
3669,1,0,Top Cleaner,800,Blue
3669,2,1,CleanR,1000,Blue
3670,1,1,CleanR,800,Blue
3670,2,0,Top Cleaner,1000,Blue
3671,1,1,CleanR,800,Red
3671,2,0,Top Cleaner,1000,Blue
3672,1,1,Top Cleaner,800,Blue
3672,2,0,Top Cleaner,1000,Blue
3673,1,0,Top Cleaner,800,Blue
3673,2,1,CleanR,800,Blue
3674,1,1,CleanR,800,Blue
3674,2,0,Top Cleaner,1000,Blue
3675,1,1,CleanR,800,Red
3675,2,0,Top Cleaner,800,Red
3676,1,1,Top Cleaner,800,Blue
3676,2,0,Top Cleaner,800,Red
3677,1,1,CleanR,800,Blue
3677,2,0,Top Cleaner,1000,Blue
3678,1,1,Top Cleaner,1000,Blue
3678,2,0,Top Cleaner,1000,Blue
3679,1,1,Top Cleaner,800,Red
3679,2,0,Top Cleaner,1000,Blue
3680,1,0,Top Cleaner,800,Blue
3680,2,1,Top Cleaner,800,Blue
3681,1,1,Top Cleaner,800,Red
3681,2,0,CleanR,1000,Red
3682,1,0,CleanR,1000,Blue
3682,2,1,Top Cleaner,800,Red
3683,1,1,Top Cleaner,1000,Red
3683,2,0,Top Cleaner,800,Blue
3684,1,1,CleanR,1000,Red
3684,2,0,Top Cleaner,1000,Red
3685,1,0,Top Cleaner,800,Blue
3685,2,1,Top Cleaner,800,Red
3686,1,0,Top Cleaner,800,Blue
3686,2,1,Top Cleaner,800,Red
3687,1,1,CleanR,800,Blue
3687,2,0,CleanR,1000,Red
3688,1,0,CleanR,800,Blue
3688,2,1,Top Cleaner,800,Red
3689,1,1,CleanR,1000,Blue
3689,2,0,Top Cleaner,1000,Red
3690,1,0,Top Cleaner,1000,Red
3690,2,1,Top Cleaner,1000,Blue
3691,1,0,Top Cleaner,800,Blue
3691,2,1,Top Cleaner,800,Blue
3692,1,1,Top Cleaner,800,Red
3692,2,0,Top Cleaner,1000,Blue
3693,1,0,Top Cleaner,1000,Red
3693,2,1,CleanR,1000,Blue
3694,1,1,Top Cleaner,800,Blue
3694,2,0,CleanR,1000,Blue
3695,1,0,Top Cleaner,800,Blue
3695,2,1,CleanR,1000,Red
3696,1,0,Top Cleaner,1000,Blue
3696,2,1,CleanR,800,Blue
3697,1,0,Top Cleaner,1000,Blue
3697,2,1,CleanR,1000,Blue
3698,1,1,CleanR,800,Blue
3698,2,0,Top Cleaner,800,Red
3699,1,0,Top Cleaner,800,Red
3699,2,1,Top Cleaner,1000,Red
3700,1,0,Top Cleaner,1000,Blue
3700,2,1,CleanR,1000,Blue
3701,1,0,Top Cleaner,1000,Red
3701,2,1,Top Cleaner,1000,Blue
3702,1,0,Top Cleaner,800,Blue
3702,2,1,Top Cleaner,800,Red
3703,1,1,CleanR,800,Blue
3703,2,0,CleanR,1000,Red
3704,1,1,Top Cleaner,800,Blue
3704,2,0,Top Cleaner,800,Red
3705,1,1,CleanR,800,Red
3705,2,0,Top Cleaner,800,Red
3706,1,1,CleanR,1000,Blue
3706,2,0,Top Cleaner,800,Blue
3707,1,0,Top Cleaner,1000,Red
3707,2,1,CleanR,1000,Blue
3708,1,0,Top Cleaner,1000,Blue
3708,2,1,Top Cleaner,800,Red
3709,1,1,CleanR,800,Blue
3709,2,0,Top Cleaner,800,Red
3710,1,1,Top Cleaner,800,Blue
3710,2,0,Top Cleaner,1000,Blue
3711,1,1,Top Cleaner,800,Blue
3711,2,0,Top Cleaner,1000,Blue
3712,1,0,Top Cleaner,1000,Blue
3712,2,1,Top Cleaner,800,Blue
3713,1,0,CleanR,800,Blue
3713,2,1,CleanR,800,Red
3714,1,0,Top Cleaner,800,Red
3714,2,1,Top Cleaner,800,Blue
3715,1,0,CleanR,800,Red
3715,2,1,Top Cleaner,800,Blue
3716,1,1,Top Cleaner,800,Red
3716,2,0,Top Cleaner,800,Blue
3717,1,0,Top Cleaner,800,Blue
3717,2,1,CleanR,800,Blue
3718,1,1,CleanR,1000,Red
3718,2,0,Top Cleaner,1000,Blue
3719,1,1,Top Cleaner,800,Blue
3719,2,0,Top Cleaner,800,Blue
3720,1,0,Top Cleaner,1000,Blue
3720,2,1,Top Cleaner,800,Red
3721,1,1,CleanR,800,Red
3721,2,0,Top Cleaner,800,Blue
3722,1,1,Top Cleaner,800,Blue
3722,2,0,Top Cleaner,800,Blue
3723,1,1,Top Cleaner,800,Red
3723,2,0,Top Cleaner,800,Blue
3724,1,1,CleanR,800,Blue
3724,2,0,Top Cleaner,1000,Blue
3725,1,0,Top Cleaner,1000,Red
3725,2,1,Top Cleaner,800,Red
3726,1,1,Top Cleaner,1000,Blue
3726,2,0,Top Cleaner,1000,Blue
3727,1,1,Top Cleaner,800,Blue
3727,2,0,Top Cleaner,800,Blue
3728,1,0,Top Cleaner,800,Red
3728,2,1,Top Cleaner,800,Blue
3729,1,0,Top Cleaner,800,Blue
3729,2,1,CleanR,800,Blue
3730,1,0,Top Cleaner,1000,Blue
3730,2,1,Top Cleaner,1000,Blue
3731,1,1,CleanR,1000,Blue
3731,2,0,Top Cleaner,800,Red
3732,1,0,Top Cleaner,800,Blue
3732,2,1,Top Cleaner,800,Blue
3733,1,1,Top Cleaner,800,Red
3733,2,0,Top Cleaner,1000,Blue
3734,1,1,Top Cleaner,800,Red
3734,2,0,Top Cleaner,800,Blue
3735,1,0,Top Cleaner,800,Blue
3735,2,1,Top Cleaner,1000,Red
3736,1,1,CleanR,800,Blue
3736,2,0,Top Cleaner,800,Red
3737,1,1,CleanR,1000,Red
3737,2,0,CleanR,800,Blue
3738,1,1,Top Cleaner,800,Blue
3738,2,0,Top Cleaner,800,Blue
3739,1,1,CleanR,800,Blue
3739,2,0,Top Cleaner,1000,Blue
3740,1,1,Top Cleaner,800,Blue
3740,2,0,Top Cleaner,1000,Blue
3741,1,1,CleanR,800,Blue
3741,2,0,CleanR,1000,Blue
3742,1,1,Top Cleaner,800,Blue
3742,2,0,Top Cleaner,1000,Blue
3743,1,1,CleanR,1000,Blue
3743,2,0,Top Cleaner,1000,Red
3744,1,1,Top Cleaner,800,Blue
3744,2,0,Top Cleaner,1000,Blue
3745,1,0,Top Cleaner,1000,Blue
3745,2,1,CleanR,1000,Red
3746,1,1,CleanR,800,Red
3746,2,0,Top Cleaner,800,Blue
3747,1,0,Top Cleaner,800,Blue
3747,2,1,Top Cleaner,800,Red
3748,1,1,Top Cleaner,800,Blue
3748,2,0,Top Cleaner,1000,Blue
3749,1,0,CleanR,1000,Blue
3749,2,1,CleanR,800,Blue
3750,1,0,Top Cleaner,800,Blue
3750,2,1,CleanR,1000,Red
3751,1,0,CleanR,800,Blue
3751,2,1,CleanR,800,Red
3752,1,0,Top Cleaner,1000,Blue
3752,2,1,Top Cleaner,1000,Red
3753,1,1,CleanR,1000,Blue
3753,2,0,Top Cleaner,1000,Blue
3754,1,1,Top Cleaner,800,Red
3754,2,0,Top Cleaner,800,Blue
3755,1,1,Top Cleaner,800,Blue
3755,2,0,Top Cleaner,800,Blue
3756,1,0,Top Cleaner,1000,Blue
3756,2,1,CleanR,1000,Blue
3757,1,1,Top Cleaner,800,Red
3757,2,0,Top Cleaner,800,Blue
3758,1,1,Top Cleaner,800,Blue
3758,2,0,Top Cleaner,800,Blue
3759,1,1,CleanR,800,Red
3759,2,0,Top Cleaner,800,Red
3760,1,0,Top Cleaner,1000,Red
3760,2,1,Top Cleaner,800,Blue
3761,1,0,Top Cleaner,1000,Red
3761,2,1,Top Cleaner,800,Blue
3762,1,1,CleanR,800,Red
3762,2,0,CleanR,1000,Blue
3763,1,0,Top Cleaner,800,Blue
3763,2,1,Top Cleaner,800,Red
3764,1,1,CleanR,800,Red
3764,2,0,Top Cleaner,1000,Red
3765,1,0,CleanR,1000,Blue
3765,2,1,Top Cleaner,800,Red
3766,1,1,CleanR,800,Blue
3766,2,0,Top Cleaner,800,Blue
3767,1,1,Top Cleaner,1000,Blue
3767,2,0,Top Cleaner,800,Blue
3768,1,0,CleanR,1000,Red
3768,2,1,CleanR,800,Blue
3769,1,1,Top Cleaner,800,Red
3769,2,0,Top Cleaner,1000,Blue
3770,1,0,Top Cleaner,800,Blue
3770,2,1,CleanR,800,Red
3771,1,1,CleanR,1000,Red
3771,2,0,Top Cleaner,1000,Blue
3772,1,0,CleanR,1000,Blue
3772,2,1,CleanR,800,Blue
3773,1,1,CleanR,800,Blue
3773,2,0,CleanR,1000,Blue
3774,1,1,Top Cleaner,800,Red
3774,2,0,Top Cleaner,1000,Blue
3775,1,0,Top Cleaner,1000,Red
3775,2,1,Top Cleaner,800,Red
3776,1,1,CleanR,1000,Blue
3776,2,0,Top Cleaner,800,Red
3777,1,1,CleanR,1000,Blue
3777,2,0,Top Cleaner,800,Red
3778,1,0,Top Cleaner,800,Blue
3778,2,1,CleanR,800,Blue
3779,1,1,Top Cleaner,800,Red
3779,2,0,Top Cleaner,1000,Blue
3780,1,1,CleanR,1000,Red
3780,2,0,Top Cleaner,800,Red
3781,1,0,Top Cleaner,1000,Blue
3781,2,1,CleanR,1000,Blue
3782,1,0,Top Cleaner,1000,Blue
3782,2,1,CleanR,800,Red
3783,1,1,CleanR,800,Blue
3783,2,0,Top Cleaner,1000,Blue
3784,1,0,Top Cleaner,1000,Red
3784,2,1,Top Cleaner,800,Red
3785,1,1,CleanR,800,Red
3785,2,0,Top Cleaner,1000,Blue
3786,1,0,Top Cleaner,1000,Blue
3786,2,1,Top Cleaner,800,Red
3787,1,0,Top Cleaner,1000,Blue
3787,2,1,CleanR,1000,Blue
3788,1,0,Top Cleaner,800,Blue
3788,2,1,Top Cleaner,800,Red
3789,1,0,CleanR,1000,Blue
3789,2,1,CleanR,800,Blue
3790,1,1,Top Cleaner,800,Blue
3790,2,0,Top Cleaner,1000,Blue
3791,1,0,Top Cleaner,800,Red
3791,2,1,Top Cleaner,800,Blue
3792,1,0,Top Cleaner,800,Red
3792,2,1,Top Cleaner,800,Blue
3793,1,1,Top Cleaner,800,Blue
3793,2,0,Top Cleaner,800,Blue
3794,1,0,CleanR,1000,Red
3794,2,1,Top Cleaner,800,Red
3795,1,1,Top Cleaner,800,Blue
3795,2,0,Top Cleaner,1000,Blue
3796,1,1,CleanR,1000,Red
3796,2,0,CleanR,1000,Blue
3797,1,0,Top Cleaner,800,Blue
3797,2,1,CleanR,800,Blue
3798,1,1,CleanR,800,Red
3798,2,0,CleanR,1000,Red
3799,1,1,CleanR,800,Blue
3799,2,0,Top Cleaner,800,Blue
3800,1,0,Top Cleaner,1000,Blue
3800,2,1,Top Cleaner,800,Blue
3801,1,1,CleanR,800,Blue
3801,2,0,Top Cleaner,800,Blue
3802,1,0,Top Cleaner,1000,Red
3802,2,1,Top Cleaner,800,Red
3803,1,1,Top Cleaner,1000,Red
3803,2,0,Top Cleaner,1000,Blue
3804,1,1,Top Cleaner,800,Red
3804,2,0,Top Cleaner,800,Blue
3805,1,1,Top Cleaner,800,Blue
3805,2,0,CleanR,1000,Blue
3806,1,0,CleanR,800,Blue
3806,2,1,Top Cleaner,800,Red
3807,1,1,CleanR,800,Red
3807,2,0,CleanR,1000,Blue
3808,1,0,Top Cleaner,1000,Blue
3808,2,1,Top Cleaner,800,Red
3809,1,1,Top Cleaner,800,Red
3809,2,0,Top Cleaner,1000,Red
3810,1,1,Top Cleaner,800,Red
3810,2,0,Top Cleaner,800,Blue
3811,1,1,Top Cleaner,800,Blue
3811,2,0,CleanR,1000,Red
3812,1,0,CleanR,800,Red
3812,2,1,CleanR,800,Blue
3813,1,1,Top Cleaner,1000,Red
3813,2,0,Top Cleaner,1000,Blue
3814,1,0,Top Cleaner,800,Blue
3814,2,1,CleanR,800,Blue
3815,1,1,Top Cleaner,800,Blue
3815,2,0,Top Cleaner,800,Blue
3816,1,1,Top Cleaner,1000,Blue
3816,2,0,Top Cleaner,1000,Blue
3817,1,0,Top Cleaner,1000,Blue
3817,2,1,CleanR,800,Red
3818,1,0,Top Cleaner,800,Blue
3818,2,1,CleanR,1000,Red
3819,1,1,CleanR,800,Blue
3819,2,0,Top Cleaner,1000,Blue
3820,1,1,Top Cleaner,800,Red
3820,2,0,Top Cleaner,800,Red
3821,1,1,CleanR,800,Blue
3821,2,0,Top Cleaner,1000,Red
3822,1,1,CleanR,800,Blue
3822,2,0,Top Cleaner,1000,Red
3823,1,0,Top Cleaner,800,Red
3823,2,1,CleanR,800,Red
3824,1,0,Top Cleaner,1000,Blue
3824,2,1,CleanR,800,Blue
3825,1,1,CleanR,1000,Blue
3825,2,0,CleanR,1000,Blue
3826,1,1,CleanR,1000,Red
3826,2,0,Top Cleaner,1000,Red
3827,1,1,Top Cleaner,800,Red
3827,2,0,Top Cleaner,1000,Blue
3828,1,0,Top Cleaner,800,Blue
3828,2,1,Top Cleaner,800,Blue
3829,1,0,Top Cleaner,800,Blue
3829,2,1,Top Cleaner,800,Blue
3830,1,1,Top Cleaner,1000,Red
3830,2,0,Top Cleaner,1000,Blue
3831,1,0,CleanR,1000,Blue
3831,2,1,CleanR,800,Blue
3832,1,0,Top Cleaner,800,Red
3832,2,1,Top Cleaner,800,Blue
3833,1,0,Top Cleaner,1000,Red
3833,2,1,Top Cleaner,1000,Red
3834,1,1,Top Cleaner,800,Red
3834,2,0,Top Cleaner,800,Blue
3835,1,1,Top Cleaner,800,Blue
3835,2,0,Top Cleaner,1000,Blue
3836,1,1,CleanR,800,Blue
3836,2,0,Top Cleaner,800,Blue
3837,1,0,Top Cleaner,800,Red
3837,2,1,Top Cleaner,800,Blue
3838,1,1,Top Cleaner,1000,Blue
3838,2,0,Top Cleaner,800,Blue
3839,1,0,CleanR,1000,Red
3839,2,1,CleanR,800,Blue
3840,1,0,Top Cleaner,1000,Red
3840,2,1,CleanR,800,Blue
3841,1,1,Top Cleaner,1000,Red
3841,2,0,Top Cleaner,1000,Blue
3842,1,0,Top Cleaner,800,Blue
3842,2,1,Top Cleaner,800,Blue
3843,1,1,CleanR,1000,Red
3843,2,0,Top Cleaner,800,Blue
3844,1,0,Top Cleaner,800,Red
3844,2,1,Top Cleaner,800,Blue
3845,1,0,Top Cleaner,800,Red
3845,2,1,CleanR,800,Blue
3846,1,0,CleanR,1000,Blue
3846,2,1,Top Cleaner,1000,Blue
3847,1,1,Top Cleaner,800,Red
3847,2,0,Top Cleaner,1000,Blue
3848,1,1,Top Cleaner,800,Blue
3848,2,0,Top Cleaner,800,Red
3849,1,0,Top Cleaner,800,Blue
3849,2,1,CleanR,800,Red
3850,1,1,CleanR,1000,Red
3850,2,0,CleanR,800,Blue
3851,1,1,CleanR,800,Blue
3851,2,0,CleanR,800,Blue
3852,1,0,Top Cleaner,800,Red
3852,2,1,CleanR,1000,Red
3853,1,0,Top Cleaner,800,Blue
3853,2,1,CleanR,800,Red
3854,1,0,Top Cleaner,1000,Blue
3854,2,1,Top Cleaner,800,Blue
3855,1,0,Top Cleaner,1000,Blue
3855,2,1,CleanR,1000,Blue
3856,1,0,Top Cleaner,1000,Blue
3856,2,1,Top Cleaner,800,Red
3857,1,1,CleanR,800,Blue
3857,2,0,Top Cleaner,1000,Blue
3858,1,0,Top Cleaner,800,Blue
3858,2,1,Top Cleaner,800,Red
3859,1,1,Top Cleaner,800,Blue
3859,2,0,Top Cleaner,1000,Blue
3860,1,1,CleanR,800,Red
3860,2,0,Top Cleaner,1000,Red
3861,1,0,Top Cleaner,800,Blue
3861,2,1,CleanR,1000,Red
3862,1,0,Top Cleaner,800,Red
3862,2,1,CleanR,800,Blue
3863,1,1,CleanR,800,Red
3863,2,0,CleanR,800,Blue
3864,1,0,CleanR,800,Blue
3864,2,1,CleanR,1000,Blue
3865,1,1,CleanR,1000,Red
3865,2,0,Top Cleaner,800,Red
3866,1,0,Top Cleaner,800,Blue
3866,2,1,Top Cleaner,800,Red
3867,1,0,Top Cleaner,1000,Red
3867,2,1,Top Cleaner,800,Blue
3868,1,1,CleanR,800,Blue
3868,2,0,Top Cleaner,800,Red
3869,1,1,CleanR,800,Blue
3869,2,0,Top Cleaner,1000,Blue
3870,1,1,CleanR,1000,Blue
3870,2,0,Top Cleaner,800,Blue
3871,1,1,Top Cleaner,800,Red
3871,2,0,Top Cleaner,1000,Blue
3872,1,1,CleanR,800,Red
3872,2,0,CleanR,1000,Red
3873,1,0,Top Cleaner,800,Blue
3873,2,1,CleanR,1000,Blue
3874,1,0,Top Cleaner,800,Blue
3874,2,1,CleanR,800,Blue
3875,1,1,CleanR,1000,Blue
3875,2,0,Top Cleaner,800,Blue
3876,1,0,Top Cleaner,800,Red
3876,2,1,CleanR,800,Blue
3877,1,1,Top Cleaner,800,Red
3877,2,0,Top Cleaner,800,Blue
3878,1,1,CleanR,800,Red
3878,2,0,Top Cleaner,800,Blue
3879,1,0,Top Cleaner,1000,Red
3879,2,1,CleanR,800,Red
3880,1,1,CleanR,800,Red
3880,2,0,Top Cleaner,800,Blue
3881,1,1,CleanR,800,Blue
3881,2,0,Top Cleaner,1000,Red
3882,1,0,Top Cleaner,1000,Blue
3882,2,1,Top Cleaner,800,Blue
3883,1,0,Top Cleaner,800,Blue
3883,2,1,CleanR,800,Blue
3884,1,1,CleanR,1000,Blue
3884,2,0,Top Cleaner,1000,Blue
3885,1,0,CleanR,1000,Red
3885,2,1,CleanR,800,Blue
3886,1,1,Top Cleaner,800,Red
3886,2,0,Top Cleaner,1000,Red
3887,1,0,Top Cleaner,1000,Red
3887,2,1,CleanR,1000,Red
3888,1,1,Top Cleaner,800,Red
3888,2,0,CleanR,1000,Red
3889,1,1,Top Cleaner,800,Red
3889,2,0,Top Cleaner,800,Blue
3890,1,1,Top Cleaner,800,Blue
3890,2,0,Top Cleaner,800,Blue
3891,1,1,CleanR,800,Red
3891,2,0,Top Cleaner,1000,Blue
3892,1,1,Top Cleaner,800,Red
3892,2,0,Top Cleaner,800,Blue
3893,1,0,Top Cleaner,800,Red
3893,2,1,CleanR,800,Red
3894,1,0,Top Cleaner,1000,Blue
3894,2,1,Top Cleaner,1000,Blue
3895,1,0,Top Cleaner,800,Blue
3895,2,1,CleanR,800,Blue
3896,1,1,Top Cleaner,1000,Blue
3896,2,0,Top Cleaner,1000,Blue
3897,1,1,Top Cleaner,800,Blue
3897,2,0,Top Cleaner,1000,Blue
3898,1,0,Top Cleaner,800,Red
3898,2,1,CleanR,1000,Blue
3899,1,1,CleanR,1000,Blue
3899,2,0,Top Cleaner,1000,Red
3900,1,0,Top Cleaner,800,Blue
3900,2,1,CleanR,800,Red
3901,1,0,Top Cleaner,800,Red
3901,2,1,CleanR,800,Red
3902,1,0,Top Cleaner,1000,Blue
3902,2,1,Top Cleaner,800,Red
3903,1,0,Top Cleaner,1000,Red
3903,2,1,Top Cleaner,800,Red
3904,1,1,Top Cleaner,800,Red
3904,2,0,Top Cleaner,800,Blue
3905,1,0,Top Cleaner,1000,Red
3905,2,1,Top Cleaner,1000,Red
3906,1,1,Top Cleaner,1000,Blue
3906,2,0,Top Cleaner,800,Red
3907,1,0,Top Cleaner,800,Blue
3907,2,1,Top Cleaner,800,Red
3908,1,1,CleanR,800,Blue
3908,2,0,Top Cleaner,1000,Blue
3909,1,1,CleanR,1000,Blue
3909,2,0,Top Cleaner,800,Red
3910,1,1,CleanR,800,Blue
3910,2,0,Top Cleaner,1000,Red
3911,1,0,Top Cleaner,1000,Blue
3911,2,1,CleanR,800,Blue
3912,1,0,Top Cleaner,800,Blue
3912,2,1,CleanR,1000,Blue
3913,1,1,Top Cleaner,800,Red
3913,2,0,Top Cleaner,800,Blue
3914,1,1,Top Cleaner,800,Red
3914,2,0,Top Cleaner,800,Blue
3915,1,0,Top Cleaner,800,Blue
3915,2,1,CleanR,800,Red
3916,1,1,Top Cleaner,800,Blue
3916,2,0,Top Cleaner,1000,Blue
3917,1,1,Top Cleaner,800,Red
3917,2,0,Top Cleaner,1000,Red
3918,1,1,Top Cleaner,800,Blue
3918,2,0,Top Cleaner,1000,Blue
3919,1,0,CleanR,1000,Blue
3919,2,1,CleanR,800,Red
3920,1,1,CleanR,800,Red
3920,2,0,Top Cleaner,1000,Blue
3921,1,0,Top Cleaner,1000,Red
3921,2,1,CleanR,800,Blue
3922,1,0,Top Cleaner,1000,Blue
3922,2,1,CleanR,1000,Red
3923,1,1,CleanR,800,Blue
3923,2,0,Top Cleaner,1000,Red
3924,1,1,Top Cleaner,1000,Red
3924,2,0,Top Cleaner,800,Blue
3925,1,0,Top Cleaner,1000,Blue
3925,2,1,Top Cleaner,1000,Blue
3926,1,0,Top Cleaner,1000,Blue
3926,2,1,Top Cleaner,1000,Red
3927,1,0,CleanR,1000,Blue
3927,2,1,CleanR,800,Red
3928,1,0,Top Cleaner,1000,Blue
3928,2,1,Top Cleaner,800,Red
3929,1,1,Top Cleaner,800,Red
3929,2,0,Top Cleaner,800,Red
3930,1,0,CleanR,1000,Blue
3930,2,1,CleanR,800,Blue
3931,1,1,CleanR,800,Blue
3931,2,0,Top Cleaner,1000,Red
3932,1,0,CleanR,800,Red
3932,2,1,CleanR,800,Blue
3933,1,1,CleanR,1000,Blue
3933,2,0,Top Cleaner,800,Blue
3934,1,0,Top Cleaner,1000,Blue
3934,2,1,CleanR,800,Blue
3935,1,0,Top Cleaner,800,Red
3935,2,1,CleanR,800,Blue
3936,1,1,CleanR,1000,Blue
3936,2,0,Top Cleaner,800,Red
3937,1,0,Top Cleaner,800,Blue
3937,2,1,CleanR,800,Blue
3938,1,1,Top Cleaner,800,Blue
3938,2,0,Top Cleaner,1000,Blue
3939,1,1,Top Cleaner,1000,Red
3939,2,0,Top Cleaner,1000,Red
3940,1,0,CleanR,1000,Blue
3940,2,1,CleanR,800,Blue
3941,1,1,CleanR,800,Blue
3941,2,0,Top Cleaner,800,Blue
3942,1,0,Top Cleaner,1000,Red
3942,2,1,CleanR,800,Blue
3943,1,1,Top Cleaner,800,Red
3943,2,0,Top Cleaner,800,Blue
3944,1,0,Top Cleaner,1000,Blue
3944,2,1,Top Cleaner,800,Red
3945,1,0,Top Cleaner,800,Blue
3945,2,1,Top Cleaner,800,Red
3946,1,0,Top Cleaner,800,Blue
3946,2,1,Top Cleaner,800,Red
3947,1,1,CleanR,800,Blue
3947,2,0,Top Cleaner,1000,Red
3948,1,1,CleanR,800,Blue
3948,2,0,Top Cleaner,1000,Red
3949,1,0,Top Cleaner,800,Red
3949,2,1,Top Cleaner,800,Red
3950,1,0,Top Cleaner,800,Red
3950,2,1,CleanR,800,Red
3951,1,1,CleanR,1000,Red
3951,2,0,CleanR,1000,Blue
3952,1,1,CleanR,1000,Red
3952,2,0,CleanR,800,Blue
3953,1,1,Top Cleaner,800,Blue
3953,2,0,Top Cleaner,1000,Red
3954,1,0,Top Cleaner,800,Blue
3954,2,1,Top Cleaner,800,Red
3955,1,0,Top Cleaner,1000,Blue
3955,2,1,Top Cleaner,800,Blue
3956,1,1,Top Cleaner,800,Red
3956,2,0,Top Cleaner,1000,Blue
3957,1,0,Top Cleaner,800,Red
3957,2,1,CleanR,1000,Red
3958,1,0,Top Cleaner,800,Blue
3958,2,1,Top Cleaner,800,Blue
3959,1,1,CleanR,800,Blue
3959,2,0,Top Cleaner,1000,Blue
3960,1,1,Top Cleaner,800,Blue
3960,2,0,Top Cleaner,1000,Red
3961,1,1,Top Cleaner,800,Red
3961,2,0,Top Cleaner,800,Blue
3962,1,1,Top Cleaner,800,Blue
3962,2,0,Top Cleaner,800,Red
3963,1,1,CleanR,1000,Blue
3963,2,0,Top Cleaner,1000,Red
3964,1,1,Top Cleaner,800,Red
3964,2,0,Top Cleaner,800,Blue
3965,1,0,Top Cleaner,1000,Blue
3965,2,1,CleanR,800,Blue
3966,1,1,Top Cleaner,800,Blue
3966,2,0,Top Cleaner,1000,Red
3967,1,1,Top Cleaner,800,Red
3967,2,0,Top Cleaner,800,Red
3968,1,1,Top Cleaner,800,Blue
3968,2,0,CleanR,1000,Blue
3969,1,1,CleanR,800,Red
3969,2,0,Top Cleaner,800,Blue
3970,1,0,Top Cleaner,1000,Blue
3970,2,1,Top Cleaner,800,Blue
3971,1,1,Top Cleaner,1000,Red
3971,2,0,Top Cleaner,1000,Blue
3972,1,1,CleanR,800,Blue
3972,2,0,Top Cleaner,800,Red
3973,1,1,Top Cleaner,800,Red
3973,2,0,Top Cleaner,800,Blue
3974,1,0,CleanR,1000,Red
3974,2,1,Top Cleaner,800,Red
3975,1,0,CleanR,1000,Blue
3975,2,1,Top Cleaner,800,Red
3976,1,0,Top Cleaner,1000,Red
3976,2,1,CleanR,1000,Red
3977,1,0,Top Cleaner,1000,Blue
3977,2,1,CleanR,1000,Blue
3978,1,1,CleanR,800,Blue
3978,2,0,Top Cleaner,800,Red
3979,1,1,CleanR,1000,Red
3979,2,0,Top Cleaner,1000,Red
3980,1,0,Top Cleaner,1000,Blue
3980,2,1,Top Cleaner,800,Red
3981,1,1,Top Cleaner,800,Red
3981,2,0,Top Cleaner,800,Blue
3982,1,0,Top Cleaner,1000,Blue
3982,2,1,CleanR,800,Blue
3983,1,1,CleanR,800,Blue
3983,2,0,CleanR,1000,Red
3984,1,0,Top Cleaner,800,Blue
3984,2,1,CleanR,1000,Blue
3985,1,0,Top Cleaner,800,Blue
3985,2,1,Top Cleaner,1000,Red
3986,1,1,CleanR,1000,Red
3986,2,0,Top Cleaner,800,Red
3987,1,1,Top Cleaner,1000,Red
3987,2,0,Top Cleaner,1000,Blue
3988,1,0,Top Cleaner,800,Red
3988,2,1,Top Cleaner,800,Red
3989,1,1,Top Cleaner,800,Red
3989,2,0,Top Cleaner,1000,Blue
3990,1,1,Top Cleaner,1000,Blue
3990,2,0,Top Cleaner,1000,Red
3991,1,1,Top Cleaner,800,Red
3991,2,0,Top Cleaner,800,Blue
3992,1,1,Top Cleaner,800,Red
3992,2,0,Top Cleaner,1000,Red
3993,1,0,Top Cleaner,800,Blue
3993,2,1,CleanR,800,Blue
3994,1,1,CleanR,800,Blue
3994,2,0,Top Cleaner,800,Red
3995,1,0,Top Cleaner,800,Blue
3995,2,1,CleanR,800,Blue
3996,1,0,Top Cleaner,800,Blue
3996,2,1,Top Cleaner,800,Red
3997,1,0,CleanR,1000,Blue
3997,2,1,Top Cleaner,800,Red
3998,1,0,Top Cleaner,800,Blue
3998,2,1,CleanR,1000,Blue
3999,1,0,Top Cleaner,800,Red
3999,2,1,CleanR,800,Blue
4000,1,0,Top Cleaner,1000,Blue
4000,2,1,Top Cleaner,1000,Red
